,region_code,region_name,district_id,district_name,geohash,event_city,travel_city
0,1,Республика_Адыгея,,Giaginskiy,882d55d9d3fffff,GIAGINSKAYA,ГИАГИНСКАЯ
1,1,Республика_Адыгея,,Giaginskiy,882d55c131fffff,GIAGINSKAYA,ГИАГИНСКАЯ
2,1,Республика_Адыгея,,Giaginskiy,882d55508bfffff,GIAGINSKAYA,ГИАГИНСКАЯ
3,1,Республика_Адыгея,,Giaginskiy,882d55c9bdfffff,GIAGINSKAYA,ГИАГИНСКАЯ
4,1,Республика_Адыгея,,Giaginskiy,882d55d897fffff,GIAGINSKAYA,ГИАГИНСКАЯ
5,1,Республика_Адыгея,,Giaginskiy,882d55ca6dfffff,GIAGINSKAYA,ГИАГИНСКАЯ
6,1,Республика_Адыгея,,Giaginskiy,882d55cf69fffff,GIAGINSKAYA,ГИАГИНСКАЯ
7,1,Республика_Адыгея,,Giaginskiy,882d55cd5dfffff,GIAGINSKAYA,ГИАГИНСКАЯ
8,1,Республика_Адыгея,,Giaginskiy,882d55c231fffff,GIAGINSKAYA,ГИАГИНСКАЯ
9,1,Республика_Адыгея,,Giaginskiy,882d55c1a3fffff,GIAGINSKAYA,ГИАГИНСКАЯ
10,1,Республика_Адыгея,,Giaginskiy,882d55caadfffff,GIAGINSKAYA,ГИАГИНСКАЯ
11,1,Республика_Адыгея,,Giaginskiy,882d55ca69fffff,GIAGINSKAYA,ГИАГИНСКАЯ
12,1,Республика_Адыгея,,Giaginskiy,882d55ca31fffff,GIAGINSKAYA,ГИАГИНСКАЯ
13,1,Республика_Адыгея,,Giaginskiy,882d55c14dfffff,GIAGINSKAYA,ГИАГИНСКАЯ
14,1,Республика_Адыгея,,Giaginskiy,882d55c8e1fffff,GIAGINSKAYA,ГИАГИНСКАЯ
15,1,Республика_Адыгея,,Giaginskiy,882d555753fffff,GIAGINSKAYA,ГИАГИНСКАЯ
16,1,Республика_Адыгея,,Giaginskiy,882d55c1dbfffff,GIAGINSKAYA,ГИАГИНСКАЯ
17,1,Республика_Адыгея,,Giaginskiy,882d55cc2dfffff,GIAGINSKAYA,ГИАГИНСКАЯ
18,1,Республика_Адыгея,,Giaginskiy,882d55c8abfffff,GIAGINSKAYA,ГИАГИНСКАЯ
19,1,Республика_Адыгея,,Giaginskiy,882d5551c9fffff,GIAGINSKAYA,ГИАГИНСКАЯ
20,1,Республика_Адыгея,,Giaginskiy,882d5426c3fffff,GIAGINSKAYA,ГИАГИНСКАЯ
21,1,Республика_Адыгея,,Giaginskiy,882d55cd03fffff,GIAGINSKAYA,ГИАГИНСКАЯ
22,1,Республика_Адыгея,,Giaginskiy,882d555207fffff,GIAGINSKAYA,ГИАГИНСКАЯ
23,1,Республика_Адыгея,,Giaginskiy,882d55ce5dfffff,GIAGINSKAYA,ГИАГИНСКАЯ
24,1,Республика_Адыгея,,Giaginskiy,882d55ca07fffff,GIAGINSKAYA,ГИАГИНСКАЯ
25,1,Республика_Адыгея,,Giaginskiy,882d555709fffff,GIAGINSKAYA,ГИАГИНСКАЯ
26,1,Республика_Адыгея,,Giaginskiy,882d55c8b1fffff,GIAGINSKAYA,ГИАГИНСКАЯ
27,1,Республика_Адыгея,,Giaginskiy,882d55cc45fffff,GIAGINSKAYA,ГИАГИНСКАЯ
28,1,Республика_Адыгея,,Giaginskiy,882d555089fffff,GIAGINSKAYA,ГИАГИНСКАЯ
29,1,Республика_Адыгея,,Giaginskiy,882d55c8e5fffff,GIAGINSKAYA,ГИАГИНСКАЯ
30,1,Республика_Адыгея,,Giaginskiy,882d55d811fffff,GIAGINSKAYA,ГИАГИНСКАЯ
31,1,Республика_Адыгея,,Giaginskiy,882d55c135fffff,GIAGINSKAYA,ГИАГИНСКАЯ
32,1,Республика_Адыгея,,Giaginskiy,882d55d9a1fffff,GIAGINSKAYA,ГИАГИНСКАЯ
33,1,Республика_Адыгея,,Giaginskiy,882d555213fffff,GIAGINSKAYA,ГИАГИНСКАЯ
34,1,Республика_Адыгея,,Giaginskiy,882d5551b5fffff,GIAGINSKAYA,ГИАГИНСКАЯ
35,1,Республика_Адыгея,,Giaginskiy,882d55ce4dfffff,GIAGINSKAYA,ГИАГИНСКАЯ
36,1,Республика_Адыгея,,Giaginskiy,882d55cad1fffff,GIAGINSKAYA,ГИАГИНСКАЯ
37,1,Республика_Адыгея,,Giaginskiy,882d55caabfffff,GIAGINSKAYA,ГИАГИНСКАЯ
38,1,Республика_Адыгея,,Giaginskiy,882d55c81dfffff,GIAGINSKAYA,ГИАГИНСКАЯ
39,1,Республика_Адыгея,,Giaginskiy,882d55d9dbfffff,GIAGINSKAYA,ГИАГИНСКАЯ
40,1,Республика_Адыгея,,Giaginskiy,882d5550bdfffff,GIAGINSKAYA,ГИАГИНСКАЯ
41,1,Республика_Адыгея,,Giaginskiy,882d5552b3fffff,GIAGINSKAYA,ГИАГИНСКАЯ
42,1,Республика_Адыгея,,Giaginskiy,882d55cd07fffff,GIAGINSKAYA,ГИАГИНСКАЯ
43,1,Республика_Адыгея,,Giaginskiy,882d555181fffff,GIAGINSKAYA,ГИАГИНСКАЯ
44,1,Республика_Адыгея,,Giaginskiy,882d55cc39fffff,GIAGINSKAYA,ГИАГИНСКАЯ
45,1,Республика_Адыгея,,Giaginskiy,882d555063fffff,GIAGINSKAYA,ГИАГИНСКАЯ
46,1,Республика_Адыгея,,Giaginskiy,882d55c159fffff,GIAGINSKAYA,ГИАГИНСКАЯ
47,1,Республика_Адыгея,,Giaginskiy,882d555051fffff,GIAGINSKAYA,ГИАГИНСКАЯ
48,1,Республика_Адыгея,,Giaginskiy,882d5550d5fffff,GIAGINSKAYA,ГИАГИНСКАЯ
49,1,Республика_Адыгея,,Giaginskiy,882d55c919fffff,GIAGINSKAYA,ГИАГИНСКАЯ
50,1,Республика_Адыгея,,Giaginskiy,882d55503bfffff,GIAGINSKAYA,ГИАГИНСКАЯ
51,1,Республика_Адыгея,,Giaginskiy,882d55cdbdfffff,GIAGINSKAYA,ГИАГИНСКАЯ
52,1,Республика_Адыгея,,Giaginskiy,882d55d8e1fffff,GIAGINSKAYA,ГИАГИНСКАЯ
53,1,Республика_Адыгея,,Giaginskiy,882d55d987fffff,GIAGINSKAYA,ГИАГИНСКАЯ
54,1,Республика_Адыгея,,Giaginskiy,882d55cd4bfffff,GIAGINSKAYA,ГИАГИНСКАЯ
55,1,Республика_Адыгея,,Giaginskiy,882d55c885fffff,GIAGINSKAYA,ГИАГИНСКАЯ
56,1,Республика_Адыгея,,Giaginskiy,882d55523bfffff,GIAGINSKAYA,ГИАГИНСКАЯ
57,1,Республика_Адыгея,,Giaginskiy,882d55cd37fffff,GIAGINSKAYA,ГИАГИНСКАЯ
58,1,Республика_Адыгея,,Giaginskiy,882d555235fffff,GIAGINSKAYA,ГИАГИНСКАЯ
59,1,Республика_Адыгея,,Giaginskiy,882d555039fffff,GIAGINSKAYA,ГИАГИНСКАЯ
60,1,Республика_Адыгея,,Giaginskiy,882d55ca05fffff,GIAGINSKAYA,ГИАГИНСКАЯ
61,1,Республика_Адыгея,,Giaginskiy,882d55c163fffff,GIAGINSKAYA,ГИАГИНСКАЯ
62,1,Республика_Адыгея,,Giaginskiy,882d55cf33fffff,GIAGINSKAYA,ГИАГИНСКАЯ
63,1,Республика_Адыгея,,Giaginskiy,882d55ca53fffff,GIAGINSKAYA,ГИАГИНСКАЯ
64,1,Республика_Адыгея,,Giaginskiy,882d55d9e3fffff,GIAGINSKAYA,ГИАГИНСКАЯ
65,1,Республика_Адыгея,,Giaginskiy,882d55c859fffff,GIAGINSKAYA,ГИАГИНСКАЯ
66,1,Республика_Адыгея,,Giaginskiy,882d55c16bfffff,GIAGINSKAYA,ГИАГИНСКАЯ
67,1,Республика_Адыгея,,Giaginskiy,882d55cf5bfffff,GIAGINSKAYA,ГИАГИНСКАЯ
68,1,Республика_Адыгея,,Giaginskiy,882d55d913fffff,GIAGINSKAYA,ГИАГИНСКАЯ
69,1,Республика_Адыгея,,Giaginskiy,882d555283fffff,GIAGINSKAYA,ГИАГИНСКАЯ
70,1,Республика_Адыгея,,Giaginskiy,882d555341fffff,GIAGINSKAYA,ГИАГИНСКАЯ
71,1,Республика_Адыгея,,Giaginskiy,882d5551a3fffff,GIAGINSKAYA,ГИАГИНСКАЯ
72,1,Республика_Адыгея,,Giaginskiy,882d555119fffff,GIAGINSKAYA,ГИАГИНСКАЯ
73,1,Республика_Адыгея,,Giaginskiy,882d555289fffff,GIAGINSKAYA,ГИАГИНСКАЯ
74,1,Республика_Адыгея,,Giaginskiy,882d542659fffff,GIAGINSKAYA,ГИАГИНСКАЯ
75,1,Республика_Адыгея,,Giaginskiy,882d55d827fffff,GIAGINSKAYA,ГИАГИНСКАЯ
76,1,Республика_Адыгея,,Giaginskiy,882d55524bfffff,GIAGINSKAYA,ГИАГИНСКАЯ
77,1,Республика_Адыгея,,Giaginskiy,882d55521bfffff,GIAGINSKAYA,ГИАГИНСКАЯ
78,1,Республика_Адыгея,,Giaginskiy,882d55cd43fffff,GIAGINSKAYA,ГИАГИНСКАЯ
79,1,Республика_Адыгея,,Giaginskiy,882d55c051fffff,GIAGINSKAYA,ГИАГИНСКАЯ
80,1,Республика_Адыгея,,Giaginskiy,882d55c969fffff,GIAGINSKAYA,ГИАГИНСКАЯ
81,1,Республика_Адыгея,,Giaginskiy,882d55cde7fffff,GIAGINSKAYA,ГИАГИНСКАЯ
82,1,Республика_Адыгея,,Giaginskiy,882d55c953fffff,GIAGINSKAYA,ГИАГИНСКАЯ
83,1,Республика_Адыгея,,Giaginskiy,882d55cd63fffff,GIAGINSKAYA,ГИАГИНСКАЯ
84,1,Республика_Адыгея,,Giaginskiy,882d55da91fffff,GIAGINSKAYA,ГИАГИНСКАЯ
85,1,Республика_Адыгея,,Giaginskiy,882d555363fffff,GIAGINSKAYA,ГИАГИНСКАЯ
86,1,Республика_Адыгея,,Giaginskiy,882d55c049fffff,GIAGINSKAYA,ГИАГИНСКАЯ
87,1,Республика_Адыгея,,Giaginskiy,882d55cd39fffff,GIAGINSKAYA,ГИАГИНСКАЯ
88,1,Республика_Адыгея,,Giaginskiy,882d555033fffff,GIAGINSKAYA,ГИАГИНСКАЯ
89,1,Республика_Адыгея,,Giaginskiy,882d55503dfffff,GIAGINSKAYA,ГИАГИНСКАЯ
90,1,Республика_Адыгея,,Giaginskiy,882d555759fffff,GIAGINSKAYA,ГИАГИНСКАЯ
91,1,Республика_Адыгея,,Giaginskiy,882d55d9bbfffff,GIAGINSKAYA,ГИАГИНСКАЯ
92,1,Республика_Адыгея,,Giaginskiy,882d55cb1dfffff,GIAGINSKAYA,ГИАГИНСКАЯ
93,1,Республика_Адыгея,,Giaginskiy,882d55d8ddfffff,GIAGINSKAYA,ГИАГИНСКАЯ
94,1,Республика_Адыгея,,Giaginskiy,882d5552d3fffff,GIAGINSKAYA,ГИАГИНСКАЯ
95,1,Республика_Адыгея,,Giaginskiy,882d55cf59fffff,GIAGINSKAYA,ГИАГИНСКАЯ
96,1,Республика_Адыгея,,Giaginskiy,882d555227fffff,GIAGINSKAYA,ГИАГИНСКАЯ
97,1,Республика_Адыгея,,Giaginskiy,882d55c8d3fffff,GIAGINSKAYA,ГИАГИНСКАЯ
98,1,Республика_Адыгея,,Giaginskiy,882d555743fffff,GIAGINSKAYA,ГИАГИНСКАЯ
99,1,Республика_Адыгея,,Giaginskiy,882d55daa5fffff,GIAGINSKAYA,ГИАГИНСКАЯ
100,1,Республика_Адыгея,,Giaginskiy,882d55cf0bfffff,GIAGINSKAYA,ГИАГИНСКАЯ
101,1,Республика_Адыгея,,Giaginskiy,882d55c929fffff,GIAGINSKAYA,ГИАГИНСКАЯ
102,1,Республика_Адыгея,,Giaginskiy,882d55ca47fffff,GIAGINSKAYA,ГИАГИНСКАЯ
103,1,Республика_Адыгея,,Giaginskiy,882d55c2e5fffff,GIAGINSKAYA,ГИАГИНСКАЯ
104,1,Республика_Адыгея,,Giaginskiy,882d55c909fffff,GIAGINSKAYA,ГИАГИНСКАЯ
105,1,Республика_Адыгея,,Giaginskiy,882d55c127fffff,GIAGINSKAYA,ГИАГИНСКАЯ
106,1,Республика_Адыгея,,Giaginskiy,882d555085fffff,GIAGINSKAYA,ГИАГИНСКАЯ
107,1,Республика_Адыгея,,Giaginskiy,882d55cd33fffff,GIAGINSKAYA,ГИАГИНСКАЯ
108,1,Республика_Адыгея,,Giaginskiy,882d55c1a9fffff,GIAGINSKAYA,ГИАГИНСКАЯ
109,1,Республика_Адыгея,,Giaginskiy,882d55ce45fffff,GIAGINSKAYA,ГИАГИНСКАЯ
110,1,Республика_Адыгея,,Giaginskiy,882d55c1a7fffff,GIAGINSKAYA,ГИАГИНСКАЯ
111,1,Республика_Адыгея,,Giaginskiy,882d55c8a7fffff,GIAGINSKAYA,ГИАГИНСКАЯ
112,1,Республика_Адыгея,,Giaginskiy,882d55cde5fffff,GIAGINSKAYA,ГИАГИНСКАЯ
113,1,Республика_Адыгея,,Giaginskiy,882d55c90dfffff,GIAGINSKAYA,ГИАГИНСКАЯ
114,1,Республика_Адыгея,,Giaginskiy,882d555057fffff,GIAGINSKAYA,ГИАГИНСКАЯ
115,1,Республика_Адыгея,,Giaginskiy,882d5550adfffff,GIAGINSKAYA,ГИАГИНСКАЯ
116,1,Республика_Адыгея,,Giaginskiy,882d55520bfffff,GIAGINSKAYA,ГИАГИНСКАЯ
117,1,Республика_Адыгея,,Giaginskiy,882d55c949fffff,GIAGINSKAYA,ГИАГИНСКАЯ
118,1,Республика_Адыгея,,Giaginskiy,882d555345fffff,GIAGINSKAYA,ГИАГИНСКАЯ
119,1,Республика_Адыгея,,Giaginskiy,882d55c9a9fffff,GIAGINSKAYA,ГИАГИНСКАЯ
120,1,Республика_Адыгея,,Giaginskiy,882d55cd41fffff,GIAGINSKAYA,ГИАГИНСКАЯ
121,1,Республика_Адыгея,,Giaginskiy,882d555281fffff,GIAGINSKAYA,ГИАГИНСКАЯ
122,1,Республика_Адыгея,,Giaginskiy,882d5551c7fffff,GIAGINSKAYA,ГИАГИНСКАЯ
123,1,Республика_Адыгея,,Giaginskiy,882d5551d1fffff,GIAGINSKAYA,ГИАГИНСКАЯ
124,1,Республика_Адыгея,,Giaginskiy,882d5552b7fffff,GIAGINSKAYA,ГИАГИНСКАЯ
125,1,Республика_Адыгея,,Giaginskiy,882d55d8b5fffff,GIAGINSKAYA,ГИАГИНСКАЯ
126,1,Республика_Адыгея,,Giaginskiy,882d55c32dfffff,GIAGINSKAYA,ГИАГИНСКАЯ
127,1,Республика_Адыгея,,Giaginskiy,882d55cf3dfffff,GIAGINSKAYA,ГИАГИНСКАЯ
128,1,Республика_Адыгея,,Giaginskiy,882d55c025fffff,GIAGINSKAYA,ГИАГИНСКАЯ
129,1,Республика_Адыгея,,Giaginskiy,882d55cd21fffff,GIAGINSKAYA,ГИАГИНСКАЯ
130,1,Республика_Адыгея,,Giaginskiy,882d5552c3fffff,GIAGINSKAYA,ГИАГИНСКАЯ
131,1,Республика_Адыгея,,Giaginskiy,882d555027fffff,GIAGINSKAYA,ГИАГИНСКАЯ
132,1,Республика_Адыгея,,Giaginskiy,882d55cf63fffff,GIAGINSKAYA,ГИАГИНСКАЯ
133,1,Республика_Адыгея,,Giaginskiy,882d55cdd9fffff,GIAGINSKAYA,ГИАГИНСКАЯ
134,1,Республика_Адыгея,,Giaginskiy,882d55ce39fffff,GIAGINSKAYA,ГИАГИНСКАЯ
135,1,Республика_Адыгея,,Giaginskiy,882d55ca55fffff,GIAGINSKAYA,ГИАГИНСКАЯ
136,1,Республика_Адыгея,,Giaginskiy,882d55c9d3fffff,GIAGINSKAYA,ГИАГИНСКАЯ
137,1,Республика_Адыгея,,Giaginskiy,882d55c11dfffff,GIAGINSKAYA,ГИАГИНСКАЯ
138,1,Республика_Адыгея,,Giaginskiy,882d55c123fffff,GIAGINSKAYA,ГИАГИНСКАЯ
139,1,Республика_Адыгея,,Giaginskiy,882d55d8c5fffff,GIAGINSKAYA,ГИАГИНСКАЯ
140,1,Республика_Адыгея,,Giaginskiy,882d55cd49fffff,GIAGINSKAYA,ГИАГИНСКАЯ
141,1,Республика_Адыгея,,Giaginskiy,882d555347fffff,GIAGINSKAYA,ГИАГИНСКАЯ
142,1,Республика_Адыгея,,Giaginskiy,882d55c911fffff,GIAGINSKAYA,ГИАГИНСКАЯ
143,1,Республика_Адыгея,,Giaginskiy,882d555343fffff,GIAGINSKAYA,ГИАГИНСКАЯ
144,1,Республика_Адыгея,,Giaginskiy,882d55c803fffff,GIAGINSKAYA,ГИАГИНСКАЯ
145,1,Республика_Адыгея,,Giaginskiy,882d55c95dfffff,GIAGINSKAYA,ГИАГИНСКАЯ
146,1,Республика_Адыгея,,Giaginskiy,882d55cab1fffff,GIAGINSKAYA,ГИАГИНСКАЯ
147,1,Республика_Адыгея,,Giaginskiy,882d555661fffff,GIAGINSKAYA,ГИАГИНСКАЯ
148,1,Республика_Адыгея,,Giaginskiy,882d55ca25fffff,GIAGINSKAYA,ГИАГИНСКАЯ
149,1,Республика_Адыгея,,Giaginskiy,882d55c1c7fffff,GIAGINSKAYA,ГИАГИНСКАЯ
150,1,Республика_Адыгея,,Giaginskiy,882d55c817fffff,GIAGINSKAYA,ГИАГИНСКАЯ
151,1,Республика_Адыгея,,Giaginskiy,882d55c36bfffff,GIAGINSKAYA,ГИАГИНСКАЯ
152,1,Республика_Адыгея,,Giaginskiy,882d55d8c9fffff,GIAGINSKAYA,ГИАГИНСКАЯ
153,1,Республика_Адыгея,,Giaginskiy,882d55cd09fffff,GIAGINSKAYA,ГИАГИНСКАЯ
154,1,Республика_Адыгея,,Giaginskiy,882d55c897fffff,GIAGINSKAYA,ГИАГИНСКАЯ
155,1,Республика_Адыгея,,Giaginskiy,882d55ca8bfffff,GIAGINSKAYA,ГИАГИНСКАЯ
156,1,Республика_Адыгея,,Giaginskiy,882d5550e5fffff,GIAGINSKAYA,ГИАГИНСКАЯ
157,1,Республика_Адыгея,,Giaginskiy,882d55ca57fffff,GIAGINSKAYA,ГИАГИНСКАЯ
158,1,Республика_Адыгея,,Giaginskiy,882d55cde1fffff,GIAGINSKAYA,ГИАГИНСКАЯ
159,1,Республика_Адыгея,,Giaginskiy,882d55cad5fffff,GIAGINSKAYA,ГИАГИНСКАЯ
160,1,Республика_Адыгея,,Giaginskiy,882d55c00bfffff,GIAGINSKAYA,ГИАГИНСКАЯ
161,1,Республика_Адыгея,,Giaginskiy,882d55c835fffff,GIAGINSKAYA,ГИАГИНСКАЯ
162,1,Республика_Адыгея,,Giaginskiy,882d55cc3dfffff,GIAGINSKAYA,ГИАГИНСКАЯ
163,1,Республика_Адыгея,,Giaginskiy,882d55d89bfffff,GIAGINSKAYA,ГИАГИНСКАЯ
164,1,Республика_Адыгея,,Giaginskiy,882d55c16dfffff,GIAGINSKAYA,ГИАГИНСКАЯ
165,1,Республика_Адыгея,,Giaginskiy,882d55caa3fffff,GIAGINSKAYA,ГИАГИНСКАЯ
166,1,Республика_Адыгея,,Giaginskiy,882d54265bfffff,GIAGINSKAYA,ГИАГИНСКАЯ
167,1,Республика_Адыгея,,Giaginskiy,882d55500dfffff,GIAGINSKAYA,ГИАГИНСКАЯ
168,1,Республика_Адыгея,,Giaginskiy,882d55cd55fffff,GIAGINSKAYA,ГИАГИНСКАЯ
169,1,Республика_Адыгея,,Giaginskiy,882d55c187fffff,GIAGINSKAYA,ГИАГИНСКАЯ
170,1,Республика_Адыгея,,Giaginskiy,882d55d9abfffff,GIAGINSKAYA,ГИАГИНСКАЯ
171,1,Республика_Адыгея,,Giaginskiy,882d55c945fffff,GIAGINSKAYA,ГИАГИНСКАЯ
172,1,Республика_Адыгея,,Giaginskiy,882d55d9bdfffff,GIAGINSKAYA,ГИАГИНСКАЯ
173,1,Республика_Адыгея,,Giaginskiy,882d55c905fffff,GIAGINSKAYA,ГИАГИНСКАЯ
174,1,Республика_Адыгея,,Giaginskiy,882d55c129fffff,GIAGINSKAYA,ГИАГИНСКАЯ
175,1,Республика_Адыгея,,Giaginskiy,882d55d8d1fffff,GIAGINSKAYA,ГИАГИНСКАЯ
176,1,Республика_Адыгея,,Giaginskiy,882d55c061fffff,GIAGINSKAYA,ГИАГИНСКАЯ
177,1,Республика_Адыгея,,Giaginskiy,882d55ca9dfffff,GIAGINSKAYA,ГИАГИНСКАЯ
178,1,Республика_Адыгея,,Giaginskiy,882d55ce25fffff,GIAGINSKAYA,ГИАГИНСКАЯ
179,1,Республика_Адыгея,,Giaginskiy,882d55c9cdfffff,GIAGINSKAYA,ГИАГИНСКАЯ
180,1,Республика_Адыгея,,Giaginskiy,882d55c1bdfffff,GIAGINSKAYA,ГИАГИНСКАЯ
181,1,Республика_Адыгея,,Giaginskiy,882d55c9c5fffff,GIAGINSKAYA,ГИАГИНСКАЯ
182,1,Республика_Адыгея,,Giaginskiy,882d5436dbfffff,GIAGINSKAYA,ГИАГИНСКАЯ
183,1,Республика_Адыгея,,Giaginskiy,882d55cb17fffff,GIAGINSKAYA,ГИАГИНСКАЯ
184,1,Республика_Адыгея,,Giaginskiy,882d55cc27fffff,GIAGINSKAYA,ГИАГИНСКАЯ
185,1,Республика_Адыгея,,Giaginskiy,882d55c001fffff,GIAGINSKAYA,ГИАГИНСКАЯ
186,1,Республика_Адыгея,,Giaginskiy,882d55c913fffff,GIAGINSKAYA,ГИАГИНСКАЯ
187,1,Республика_Адыгея,,Giaginskiy,882d555111fffff,GIAGINSKAYA,ГИАГИНСКАЯ
188,1,Республика_Адыгея,,Giaginskiy,882d55c02bfffff,GIAGINSKAYA,ГИАГИНСКАЯ
189,1,Республика_Адыгея,,Giaginskiy,882d555231fffff,GIAGINSKAYA,ГИАГИНСКАЯ
190,1,Республика_Адыгея,,Giaginskiy,882d55ce03fffff,GIAGINSKAYA,ГИАГИНСКАЯ
191,1,Республика_Адыгея,,Giaginskiy,882d555361fffff,GIAGINSKAYA,ГИАГИНСКАЯ
192,1,Республика_Адыгея,,Giaginskiy,882d55c935fffff,GIAGINSKAYA,ГИАГИНСКАЯ
193,1,Республика_Адыгея,,Giaginskiy,882d555313fffff,GIAGINSKAYA,ГИАГИНСКАЯ
194,1,Республика_Адыгея,,Giaginskiy,882d55c183fffff,GIAGINSKAYA,ГИАГИНСКАЯ
195,1,Республика_Адыгея,,Giaginskiy,882d55ca01fffff,GIAGINSKAYA,ГИАГИНСКАЯ
196,1,Республика_Адыгея,,Giaginskiy,882d55c339fffff,GIAGINSKAYA,ГИАГИНСКАЯ
197,1,Республика_Адыгея,,Giaginskiy,882d55ca99fffff,GIAGINSKAYA,ГИАГИНСКАЯ
198,1,Республика_Адыгея,,Giaginskiy,882d55536bfffff,GIAGINSKAYA,ГИАГИНСКАЯ
199,1,Республика_Адыгея,,Giaginskiy,882d55c329fffff,GIAGINSKAYA,ГИАГИНСКАЯ
200,1,Республика_Адыгея,,Giaginskiy,882d55ca09fffff,GIAGINSKAYA,ГИАГИНСКАЯ
201,1,Республика_Адыгея,,Giaginskiy,882d55c133fffff,GIAGINSKAYA,ГИАГИНСКАЯ
202,1,Республика_Адыгея,,Giaginskiy,882d55530dfffff,GIAGINSKAYA,ГИАГИНСКАЯ
203,1,Республика_Адыгея,,Giaginskiy,882d55c199fffff,GIAGINSKAYA,ГИАГИНСКАЯ
204,1,Республика_Адыгея,,Giaginskiy,882d555233fffff,GIAGINSKAYA,ГИАГИНСКАЯ
205,1,Республика_Адыгея,,Giaginskiy,882d55c145fffff,GIAGINSKAYA,ГИАГИНСКАЯ
206,1,Республика_Адыгея,,Giaginskiy,882d55ce49fffff,GIAGINSKAYA,ГИАГИНСКАЯ
207,1,Республика_Адыгея,,Giaginskiy,882d55c157fffff,GIAGINSKAYA,ГИАГИНСКАЯ
208,1,Республика_Адыгея,,Giaginskiy,882d55ca59fffff,GIAGINSKAYA,ГИАГИНСКАЯ
209,1,Республика_Адыгея,,Giaginskiy,882d55cab9fffff,GIAGINSKAYA,ГИАГИНСКАЯ
210,1,Республика_Адыгея,,Giaginskiy,882d555285fffff,GIAGINSKAYA,ГИАГИНСКАЯ
211,1,Республика_Адыгея,,Giaginskiy,882d55c06dfffff,GIAGINSKAYA,ГИАГИНСКАЯ
212,1,Республика_Адыгея,,Giaginskiy,882d55cb5bfffff,GIAGINSKAYA,ГИАГИНСКАЯ
213,1,Республика_Адыгея,,Giaginskiy,882d5552bbfffff,GIAGINSKAYA,ГИАГИНСКАЯ
214,1,Республика_Адыгея,,Giaginskiy,882d55cf4dfffff,GIAGINSKAYA,ГИАГИНСКАЯ
215,1,Республика_Адыгея,,Giaginskiy,882d55cb0bfffff,GIAGINSKAYA,ГИАГИНСКАЯ
216,1,Республика_Адыгея,,Giaginskiy,882d55c037fffff,GIAGINSKAYA,ГИАГИНСКАЯ
217,1,Республика_Адыгея,,Giaginskiy,882d55c367fffff,GIAGINSKAYA,ГИАГИНСКАЯ
218,1,Республика_Адыгея,,Giaginskiy,882d55c931fffff,GIAGINSKAYA,ГИАГИНСКАЯ
219,1,Республика_Адыгея,,Giaginskiy,882d55d8abfffff,GIAGINSKAYA,ГИАГИНСКАЯ
220,1,Республика_Адыгея,,Giaginskiy,882d55c883fffff,GIAGINSKAYA,ГИАГИНСКАЯ
221,1,Республика_Адыгея,,Giaginskiy,882d55d8c7fffff,GIAGINSKAYA,ГИАГИНСКАЯ
222,1,Республика_Адыгея,,Giaginskiy,882d55ca03fffff,GIAGINSKAYA,ГИАГИНСКАЯ
223,1,Республика_Адыгея,,Giaginskiy,882d55cf17fffff,GIAGINSKAYA,ГИАГИНСКАЯ
224,1,Республика_Адыгея,,Giaginskiy,882d555003fffff,GIAGINSKAYA,ГИАГИНСКАЯ
225,1,Республика_Адыгея,,Giaginskiy,882d55ca67fffff,GIAGINSKAYA,ГИАГИНСКАЯ
226,1,Республика_Адыгея,,Giaginskiy,882d55c81bfffff,GIAGINSKAYA,ГИАГИНСКАЯ
227,1,Республика_Адыгея,,Giaginskiy,882d55c8d7fffff,GIAGINSKAYA,ГИАГИНСКАЯ
228,1,Республика_Адыгея,,Giaginskiy,882d55c8a5fffff,GIAGINSKAYA,ГИАГИНСКАЯ
229,1,Республика_Адыгея,,Giaginskiy,882d55ca23fffff,GIAGINSKAYA,ГИАГИНСКАЯ
230,1,Республика_Адыгея,,Giaginskiy,882d55cdd3fffff,GIAGINSKAYA,ГИАГИНСКАЯ
231,1,Республика_Адыгея,,Giaginskiy,882d555021fffff,GIAGINSKAYA,ГИАГИНСКАЯ
232,1,Республика_Адыгея,,Giaginskiy,882d55530bfffff,GIAGINSKAYA,ГИАГИНСКАЯ
233,1,Республика_Адыгея,,Giaginskiy,882d55d817fffff,GIAGINSKAYA,ГИАГИНСКАЯ
234,1,Республика_Адыгея,,Giaginskiy,882d55caa5fffff,GIAGINSKAYA,ГИАГИНСКАЯ
235,1,Республика_Адыгея,,Giaginskiy,882d55d813fffff,GIAGINSKAYA,ГИАГИНСКАЯ
236,1,Республика_Адыгея,,Giaginskiy,882d555023fffff,GIAGINSKAYA,ГИАГИНСКАЯ
237,1,Республика_Адыгея,,Giaginskiy,882d55cd27fffff,GIAGINSKAYA,ГИАГИНСКАЯ
238,1,Республика_Адыгея,,Giaginskiy,882d55c8a1fffff,GIAGINSKAYA,ГИАГИНСКАЯ
239,1,Республика_Адыгея,,Giaginskiy,882d55cc35fffff,GIAGINSKAYA,ГИАГИНСКАЯ
240,1,Республика_Адыгея,,Giaginskiy,882d55c345fffff,GIAGINSKAYA,ГИАГИНСКАЯ
241,1,Республика_Адыгея,,Giaginskiy,882d55526bfffff,GIAGINSKAYA,ГИАГИНСКАЯ
242,1,Республика_Адыгея,,Giaginskiy,882d55529bfffff,GIAGINSKAYA,ГИАГИНСКАЯ
243,1,Республика_Адыгея,,Giaginskiy,882d555351fffff,GIAGINSKAYA,ГИАГИНСКАЯ
244,1,Республика_Адыгея,,Giaginskiy,882d55c18dfffff,GIAGINSKAYA,ГИАГИНСКАЯ
245,1,Республика_Адыгея,,Giaginskiy,882d55cf55fffff,GIAGINSKAYA,ГИАГИНСКАЯ
246,1,Республика_Адыгея,,Giaginskiy,882d55c987fffff,GIAGINSKAYA,ГИАГИНСКАЯ
247,1,Республика_Адыгея,,Giaginskiy,882d5550d7fffff,GIAGINSKAYA,ГИАГИНСКАЯ
248,1,Республика_Адыгея,,Giaginskiy,882d55cab3fffff,GIAGINSKAYA,ГИАГИНСКАЯ
249,1,Республика_Адыгея,,Giaginskiy,882d555303fffff,GIAGINSKAYA,ГИАГИНСКАЯ
250,1,Республика_Адыгея,,Giaginskiy,882d55c8c7fffff,GIAGINSKAYA,ГИАГИНСКАЯ
251,1,Республика_Адыгея,,Giaginskiy,882d55cb55fffff,GIAGINSKAYA,ГИАГИНСКАЯ
252,1,Республика_Адыгея,,Giaginskiy,882d5552e1fffff,GIAGINSKAYA,ГИАГИНСКАЯ
253,1,Республика_Адыгея,,Giaginskiy,882d55cf43fffff,GIAGINSKAYA,ГИАГИНСКАЯ
254,1,Республика_Адыгея,,Giaginskiy,882d55cab5fffff,GIAGINSKAYA,ГИАГИНСКАЯ
255,1,Республика_Адыгея,,Giaginskiy,882d555081fffff,GIAGINSKAYA,ГИАГИНСКАЯ
256,1,Республика_Адыгея,,Giaginskiy,882d55d8e5fffff,GIAGINSKAYA,ГИАГИНСКАЯ
257,1,Республика_Адыгея,,Giaginskiy,882d55ca0dfffff,GIAGINSKAYA,ГИАГИНСКАЯ
258,1,Республика_Адыгея,,Giaginskiy,882d55ca1bfffff,GIAGINSKAYA,ГИАГИНСКАЯ
259,1,Республика_Адыгея,,Giaginskiy,882d55c9a1fffff,GIAGINSKAYA,ГИАГИНСКАЯ
260,1,Республика_Адыгея,,Giaginskiy,882d55c965fffff,GIAGINSKAYA,ГИАГИНСКАЯ
261,1,Республика_Адыгея,,Giaginskiy,882d55c021fffff,GIAGINSKAYA,ГИАГИНСКАЯ
262,1,Республика_Адыгея,,Giaginskiy,882d55c889fffff,GIAGINSKAYA,ГИАГИНСКАЯ
263,1,Республика_Адыгея,,Giaginskiy,882d55515dfffff,GIAGINSKAYA,ГИАГИНСКАЯ
264,1,Республика_Адыгея,,Giaginskiy,882d55cd91fffff,GIAGINSKAYA,ГИАГИНСКАЯ
265,1,Республика_Адыгея,,Giaginskiy,882d55c067fffff,GIAGINSKAYA,ГИАГИНСКАЯ
266,1,Республика_Адыгея,,Giaginskiy,882d555059fffff,GIAGINSKAYA,ГИАГИНСКАЯ
267,1,Республика_Адыгея,,Giaginskiy,882d55523dfffff,GIAGINSKAYA,ГИАГИНСКАЯ
268,1,Республика_Адыгея,,Giaginskiy,882d55c9c3fffff,GIAGINSKAYA,ГИАГИНСКАЯ
269,1,Республика_Адыгея,,Giaginskiy,882d555353fffff,GIAGINSKAYA,ГИАГИНСКАЯ
270,1,Республика_Адыгея,,Giaginskiy,882d5552b1fffff,GIAGINSKAYA,ГИАГИНСКАЯ
271,1,Республика_Адыгея,,Giaginskiy,882d55c331fffff,GIAGINSKAYA,ГИАГИНСКАЯ
272,1,Республика_Адыгея,,Giaginskiy,882d55cd45fffff,GIAGINSKAYA,ГИАГИНСКАЯ
273,1,Республика_Адыгея,,Giaginskiy,882d55c115fffff,GIAGINSKAYA,ГИАГИНСКАЯ
274,1,Республика_Адыгея,,Giaginskiy,882d55cf67fffff,GIAGINSKAYA,ГИАГИНСКАЯ
275,1,Республика_Адыгея,,Giaginskiy,882d55cb23fffff,GIAGINSKAYA,ГИАГИНСКАЯ
276,1,Республика_Адыгея,,Giaginskiy,882d5550a1fffff,GIAGINSKAYA,ГИАГИНСКАЯ
277,1,Республика_Адыгея,,Giaginskiy,882d555339fffff,GIAGINSKAYA,ГИАГИНСКАЯ
278,1,Республика_Адыгея,,Giaginskiy,882d55cdebfffff,GIAGINSKAYA,ГИАГИНСКАЯ
279,1,Республика_Адыгея,,Giaginskiy,882d555017fffff,GIAGINSKAYA,ГИАГИНСКАЯ
280,1,Республика_Адыгея,,Giaginskiy,882d55c9b1fffff,GIAGINSKAYA,ГИАГИНСКАЯ
281,1,Республика_Адыгея,,Giaginskiy,882d55c991fffff,GIAGINSKAYA,ГИАГИНСКАЯ
282,1,Республика_Адыгея,,Giaginskiy,882d55c99bfffff,GIAGINSKAYA,ГИАГИНСКАЯ
283,1,Республика_Адыгея,,Giaginskiy,882d5550c9fffff,GIAGINSKAYA,ГИАГИНСКАЯ
284,1,Республика_Адыгея,,Giaginskiy,882d55cd01fffff,GIAGINSKAYA,ГИАГИНСКАЯ
285,1,Республика_Адыгея,,Giaginskiy,882d55cb47fffff,GIAGINSKAYA,ГИАГИНСКАЯ
286,1,Республика_Адыгея,,Giaginskiy,882d5551cbfffff,GIAGINSKAYA,ГИАГИНСКАЯ
287,1,Республика_Адыгея,,Giaginskiy,882d555665fffff,GIAGINSKAYA,ГИАГИНСКАЯ
288,1,Республика_Адыгея,,Giaginskiy,882d55d8e7fffff,GIAGINSKAYA,ГИАГИНСКАЯ
289,1,Республика_Адыгея,,Giaginskiy,882d55c335fffff,GIAGINSKAYA,ГИАГИНСКАЯ
290,1,Республика_Адыгея,,Giaginskiy,882d55c895fffff,GIAGINSKAYA,ГИАГИНСКАЯ
291,1,Республика_Адыгея,,Giaginskiy,882d5550e7fffff,GIAGINSKAYA,ГИАГИНСКАЯ
292,1,Республика_Адыгея,,Giaginskiy,882d55cdb9fffff,GIAGINSKAYA,ГИАГИНСКАЯ
293,1,Республика_Адыгея,,Giaginskiy,882d55d8dbfffff,GIAGINSKAYA,ГИАГИНСКАЯ
294,1,Республика_Адыгея,,Giaginskiy,882d55cc07fffff,GIAGINSKAYA,ГИАГИНСКАЯ
295,1,Республика_Адыгея,,Giaginskiy,882d55cf6dfffff,GIAGINSKAYA,ГИАГИНСКАЯ
296,1,Республика_Адыгея,,Giaginskiy,882d55cb15fffff,GIAGINSKAYA,ГИАГИНСКАЯ
297,1,Республика_Адыгея,,Giaginskiy,882d555055fffff,GIAGINSKAYA,ГИАГИНСКАЯ
298,1,Республика_Адыгея,,Giaginskiy,882d55c853fffff,GIAGINSKAYA,ГИАГИНСКАЯ
299,1,Республика_Адыгея,,Giaginskiy,882d55cb33fffff,GIAGINSKAYA,ГИАГИНСКАЯ
300,1,Республика_Адыгея,,Giaginskiy,882d555239fffff,GIAGINSKAYA,ГИАГИНСКАЯ
301,1,Республика_Адыгея,,Giaginskiy,882d55c1adfffff,GIAGINSKAYA,ГИАГИНСКАЯ
302,1,Республика_Адыгея,,Giaginskiy,882d55d8a3fffff,GIAGINSKAYA,ГИАГИНСКАЯ
303,1,Республика_Адыгея,,Giaginskiy,882d55c8dbfffff,GIAGINSKAYA,ГИАГИНСКАЯ
304,1,Республика_Адыгея,,Giaginskiy,882d55ca19fffff,GIAGINSKAYA,ГИАГИНСКАЯ
305,1,Республика_Адыгея,,Giaginskiy,882d55cb11fffff,GIAGINSKAYA,ГИАГИНСКАЯ
306,1,Республика_Адыгея,,Giaginskiy,882d55c11bfffff,GIAGINSKAYA,ГИАГИНСКАЯ
307,1,Республика_Адыгея,,Giaginskiy,882d55cda9fffff,GIAGINSKAYA,ГИАГИНСКАЯ
308,1,Республика_Адыгея,,Giaginskiy,882d555087fffff,GIAGINSKAYA,ГИАГИНСКАЯ
309,1,Республика_Адыгея,,Giaginskiy,882d55c181fffff,GIAGINSKAYA,ГИАГИНСКАЯ
310,1,Республика_Адыгея,,Giaginskiy,882d5550d9fffff,GIAGINSKAYA,ГИАГИНСКАЯ
311,1,Республика_Адыгея,,Giaginskiy,882d55cc0dfffff,GIAGINSKAYA,ГИАГИНСКАЯ
312,1,Республика_Адыгея,,Giaginskiy,882d55c04dfffff,GIAGINSKAYA,ГИАГИНСКАЯ
313,1,Республика_Адыгея,,Giaginskiy,882d55570bfffff,GIAGINSKAYA,ГИАГИНСКАЯ
314,1,Республика_Адыгея,,Giaginskiy,882d55ce41fffff,GIAGINSKAYA,ГИАГИНСКАЯ
315,1,Республика_Адыгея,,Giaginskiy,882d55d8a5fffff,GIAGINSKAYA,ГИАГИНСКАЯ
316,1,Республика_Адыгея,,Giaginskiy,882d55575dfffff,GIAGINSKAYA,ГИАГИНСКАЯ
317,1,Республика_Адыгея,,Giaginskiy,882d55ca17fffff,GIAGINSKAYA,ГИАГИНСКАЯ
318,1,Республика_Адыгея,,Giaginskiy,882d55cac9fffff,GIAGINSKAYA,ГИАГИНСКАЯ
319,1,Республика_Адыгея,,Giaginskiy,882d555747fffff,GIAGINSKAYA,ГИАГИНСКАЯ
320,1,Республика_Адыгея,,Giaginskiy,882d55cac5fffff,GIAGINSKAYA,ГИАГИНСКАЯ
321,1,Республика_Адыгея,,Giaginskiy,882d55ca97fffff,GIAGINSKAYA,ГИАГИНСКАЯ
322,1,Республика_Адыгея,,Giaginskiy,882d5551d7fffff,GIAGINSKAYA,ГИАГИНСКАЯ
323,1,Республика_Адыгея,,Giaginskiy,882d55c85dfffff,GIAGINSKAYA,ГИАГИНСКАЯ
324,1,Республика_Адыгея,,Giaginskiy,882d55c95bfffff,GIAGINSKAYA,ГИАГИНСКАЯ
325,1,Республика_Адыгея,,Giaginskiy,882d55ce63fffff,GIAGINSKAYA,ГИАГИНСКАЯ
326,1,Республика_Адыгея,,Giaginskiy,882d5552abfffff,GIAGINSKAYA,ГИАГИНСКАЯ
327,1,Республика_Адыгея,,Giaginskiy,882d55cb35fffff,GIAGINSKAYA,ГИАГИНСКАЯ
328,1,Республика_Адыгея,,Giaginskiy,882d55518dfffff,GIAGINSKAYA,ГИАГИНСКАЯ
329,1,Республика_Адыгея,,Giaginskiy,882d5552a9fffff,GIAGINSKAYA,ГИАГИНСКАЯ
330,1,Республика_Адыгея,,Giaginskiy,882d55c955fffff,GIAGINSKAYA,ГИАГИНСКАЯ
331,1,Республика_Адыгея,,Giaginskiy,882d5550e9fffff,GIAGINSKAYA,ГИАГИНСКАЯ
332,1,Республика_Адыгея,,Giaginskiy,882d55c91dfffff,GIAGINSKAYA,ГИАГИНСКАЯ
333,1,Республика_Адыгея,,Giaginskiy,882d555257fffff,GIAGINSKAYA,ГИАГИНСКАЯ
334,1,Республика_Адыгея,,Giaginskiy,882d5551c3fffff,GIAGINSKAYA,ГИАГИНСКАЯ
335,1,Республика_Адыгея,,Giaginskiy,882d55c845fffff,GIAGINSKAYA,ГИАГИНСКАЯ
336,1,Республика_Адыгея,,Giaginskiy,882d5552b5fffff,GIAGINSKAYA,ГИАГИНСКАЯ
337,1,Республика_Адыгея,,Giaginskiy,882d55cd95fffff,GIAGINSKAYA,ГИАГИНСКАЯ
338,1,Республика_Адыгея,,Giaginskiy,882d55cb5dfffff,GIAGINSKAYA,ГИАГИНСКАЯ
339,1,Республика_Адыгея,,Giaginskiy,882d55524dfffff,GIAGINSKAYA,ГИАГИНСКАЯ
340,1,Республика_Адыгея,,Giaginskiy,882d55c13bfffff,GIAGINSKAYA,ГИАГИНСКАЯ
341,1,Республика_Адыгея,,Giaginskiy,882d55c8c5fffff,GIAGINSKAYA,ГИАГИНСКАЯ
342,1,Республика_Адыгея,,Giaginskiy,882d55c189fffff,GIAGINSKAYA,ГИАГИНСКАЯ
343,1,Республика_Адыгея,,Giaginskiy,882d55d8bdfffff,GIAGINSKAYA,ГИАГИНСКАЯ
344,1,Республика_Адыгея,,Giaginskiy,882d55ca81fffff,GIAGINSKAYA,ГИАГИНСКАЯ
345,1,Республика_Адыгея,,Giaginskiy,882d555151fffff,GIAGINSKAYA,ГИАГИНСКАЯ
346,1,Республика_Адыгея,,Giaginskiy,882d55cc2bfffff,GIAGINSKAYA,ГИАГИНСКАЯ
347,1,Республика_Адыгея,,Giaginskiy,882d5552cbfffff,GIAGINSKAYA,ГИАГИНСКАЯ
348,1,Республика_Адыгея,,Giaginskiy,882d55d8d3fffff,GIAGINSKAYA,ГИАГИНСКАЯ
349,1,Республика_Адыгея,,Giaginskiy,882d55ca91fffff,GIAGINSKAYA,ГИАГИНСКАЯ
350,1,Республика_Адыгея,,Giaginskiy,882d5552e9fffff,GIAGINSKAYA,ГИАГИНСКАЯ
351,1,Республика_Адыгея,,Giaginskiy,882d55d99bfffff,GIAGINSKAYA,ГИАГИНСКАЯ
352,1,Республика_Адыгея,,Giaginskiy,882d55cf29fffff,GIAGINSKAYA,ГИАГИНСКАЯ
353,1,Республика_Адыгея,,Giaginskiy,882d55cdc3fffff,GIAGINSKAYA,ГИАГИНСКАЯ
354,1,Республика_Адыгея,,Giaginskiy,882d55c1c9fffff,GIAGINSKAYA,ГИАГИНСКАЯ
355,1,Республика_Адыгея,,Giaginskiy,882d555157fffff,GIAGINSKAYA,ГИАГИНСКАЯ
356,1,Республика_Адыгея,,Giaginskiy,882d55cb27fffff,GIAGINSKAYA,ГИАГИНСКАЯ
357,1,Республика_Адыгея,,Giaginskiy,882d55cd2dfffff,GIAGINSKAYA,ГИАГИНСКАЯ
358,1,Республика_Адыгея,,Giaginskiy,882d55d89dfffff,GIAGINSKAYA,ГИАГИНСКАЯ
359,1,Республика_Адыгея,,Giaginskiy,882d55ca41fffff,GIAGINSKAYA,ГИАГИНСКАЯ
360,1,Республика_Адыгея,,Giaginskiy,882d55c237fffff,GIAGINSKAYA,ГИАГИНСКАЯ
361,1,Республика_Адыгея,,Giaginskiy,882d55ca29fffff,GIAGINSKAYA,ГИАГИНСКАЯ
362,1,Республика_Адыгея,,Giaginskiy,882d55ca11fffff,GIAGINSKAYA,ГИАГИНСКАЯ
363,1,Республика_Адыгея,,Giaginskiy,882d55cf01fffff,GIAGINSKAYA,ГИАГИНСКАЯ
364,1,Республика_Адыгея,,Giaginskiy,882d55cb69fffff,GIAGINSKAYA,ГИАГИНСКАЯ
365,1,Республика_Адыгея,,Giaginskiy,882d55c1a5fffff,GIAGINSKAYA,ГИАГИНСКАЯ
366,1,Республика_Адыгея,,Giaginskiy,882d55c841fffff,GIAGINSKAYA,ГИАГИНСКАЯ
367,1,Республика_Адыгея,,Giaginskiy,882d555667fffff,GIAGINSKAYA,ГИАГИНСКАЯ
368,1,Республика_Адыгея,,Giaginskiy,882d55cae9fffff,GIAGINSKAYA,ГИАГИНСКАЯ
369,1,Республика_Адыгея,,Giaginskiy,882d55caedfffff,GIAGINSKAYA,ГИАГИНСКАЯ
370,1,Республика_Адыгея,,Giaginskiy,882d55c9a5fffff,GIAGINSKAYA,ГИАГИНСКАЯ
371,1,Республика_Адыгея,,Giaginskiy,882d55cb57fffff,GIAGINSKAYA,ГИАГИНСКАЯ
372,1,Республика_Адыгея,,Giaginskiy,882d55da97fffff,GIAGINSKAYA,ГИАГИНСКАЯ
373,1,Республика_Адыгея,,Giaginskiy,882d55dab3fffff,GIAGINSKAYA,ГИАГИНСКАЯ
374,1,Республика_Адыгея,,Giaginskiy,882d55cd25fffff,GIAGINSKAYA,ГИАГИНСКАЯ
375,1,Республика_Адыгея,,Giaginskiy,882d55c9e3fffff,GIAGINSKAYA,ГИАГИНСКАЯ
376,1,Республика_Адыгея,,Giaginskiy,882d55511bfffff,GIAGINSKAYA,ГИАГИНСКАЯ
377,1,Республика_Адыгея,,Giaginskiy,882d55c9ddfffff,GIAGINSKAYA,ГИАГИНСКАЯ
378,1,Республика_Адыгея,,Giaginskiy,882d55cd53fffff,GIAGINSKAYA,ГИАГИНСКАЯ
379,1,Республика_Адыгея,,Giaginskiy,882d55cda7fffff,GIAGINSKAYA,ГИАГИНСКАЯ
380,1,Республика_Адыгея,,Giaginskiy,882d55ca39fffff,GIAGINSKAYA,ГИАГИНСКАЯ
381,1,Республика_Адыгея,,Giaginskiy,882d555307fffff,GIAGINSKAYA,ГИАГИНСКАЯ
382,1,Республика_Адыгея,,Giaginskiy,882d55c063fffff,GIAGINSKAYA,ГИАГИНСКАЯ
383,1,Республика_Адыгея,,Giaginskiy,882d55c169fffff,GIAGINSKAYA,ГИАГИНСКАЯ
384,1,Республика_Адыгея,,Giaginskiy,882d55cd8dfffff,GIAGINSKAYA,ГИАГИНСКАЯ
385,1,Республика_Адыгея,,Giaginskiy,882d55cdb5fffff,GIAGINSKAYA,ГИАГИНСКАЯ
386,1,Республика_Адыгея,,Giaginskiy,882d55c92dfffff,GIAGINSKAYA,ГИАГИНСКАЯ
387,1,Республика_Адыгея,,Giaginskiy,882d55c9d7fffff,GIAGINSKAYA,ГИАГИНСКАЯ
388,1,Республика_Адыгея,,Giaginskiy,882d5552bdfffff,GIAGINSKAYA,ГИАГИНСКАЯ
389,1,Республика_Адыгея,,Giaginskiy,882d5552a7fffff,GIAGINSKAYA,ГИАГИНСКАЯ
390,1,Республика_Адыгея,,Giaginskiy,882d55c903fffff,GIAGINSKAYA,ГИАГИНСКАЯ
391,1,Республика_Адыгея,,Giaginskiy,882d55c12dfffff,GIAGINSKAYA,ГИАГИНСКАЯ
392,1,Республика_Адыгея,,Giaginskiy,882d55d9adfffff,GIAGINSKAYA,ГИАГИНСКАЯ
393,1,Республика_Адыгея,,Giaginskiy,882d555301fffff,GIAGINSKAYA,ГИАГИНСКАЯ
394,1,Республика_Адыгея,,Giaginskiy,882d55c1d5fffff,GIAGINSKAYA,ГИАГИНСКАЯ
395,1,Республика_Адыгея,,Giaginskiy,882d55c045fffff,GIAGINSKAYA,ГИАГИНСКАЯ
396,1,Республика_Адыгея,,Giaginskiy,882d55cad9fffff,GIAGINSKAYA,ГИАГИНСКАЯ
397,1,Республика_Адыгея,,Giaginskiy,882d55ca89fffff,GIAGINSKAYA,ГИАГИНСКАЯ
398,1,Республика_Адыгея,,Giaginskiy,882d5551b9fffff,GIAGINSKAYA,ГИАГИНСКАЯ
399,1,Республика_Адыгея,,Giaginskiy,882d55ce29fffff,GIAGINSKAYA,ГИАГИНСКАЯ
400,1,Республика_Адыгея,,Giaginskiy,882d55c0adfffff,GIAGINSKAYA,ГИАГИНСКАЯ
401,1,Республика_Адыгея,,Giaginskiy,882d55c8e7fffff,GIAGINSKAYA,ГИАГИНСКАЯ
402,1,Республика_Адыгея,,Giaginskiy,882d55cb53fffff,GIAGINSKAYA,ГИАГИНСКАЯ
403,1,Республика_Адыгея,,Giaginskiy,882d555043fffff,GIAGINSKAYA,ГИАГИНСКАЯ
404,1,Республика_Адыгея,,Giaginskiy,882d55c0b7fffff,GIAGINSKAYA,ГИАГИНСКАЯ
405,1,Республика_Адыгея,,Giaginskiy,882d55d9b7fffff,GIAGINSKAYA,ГИАГИНСКАЯ
406,1,Республика_Адыгея,,Giaginskiy,882d55cd0dfffff,GIAGINSKAYA,ГИАГИНСКАЯ
407,1,Республика_Адыгея,,Giaginskiy,882d55ce6dfffff,GIAGINSKAYA,ГИАГИНСКАЯ
408,1,Республика_Адыгея,,Giaginskiy,882d554249fffff,GIAGINSKAYA,ГИАГИНСКАЯ
409,1,Республика_Адыгея,,Giaginskiy,882d55c86dfffff,GIAGINSKAYA,ГИАГИНСКАЯ
410,1,Республика_Адыгея,,Giaginskiy,882d555251fffff,GIAGINSKAYA,ГИАГИНСКАЯ
411,1,Республика_Адыгея,,Giaginskiy,882d55ca87fffff,GIAGINSKAYA,ГИАГИНСКАЯ
412,1,Республика_Адыгея,,Giaginskiy,882d55c893fffff,GIAGINSKAYA,ГИАГИНСКАЯ
413,1,Республика_Адыгея,,Giaginskiy,882d55cad7fffff,GIAGINSKAYA,ГИАГИНСКАЯ
414,1,Республика_Адыгея,,Giaginskiy,882d55c80dfffff,GIAGINSKAYA,ГИАГИНСКАЯ
415,1,Республика_Адыгея,,Giaginskiy,882d5551a9fffff,GIAGINSKAYA,ГИАГИНСКАЯ
416,1,Республика_Адыгея,,Giaginskiy,882d55cd5bfffff,GIAGINSKAYA,ГИАГИНСКАЯ
417,1,Республика_Адыгея,,Giaginskiy,882d555041fffff,GIAGINSKAYA,ГИАГИНСКАЯ
418,1,Республика_Адыгея,,Giaginskiy,882d55d9e9fffff,GIAGINSKAYA,ГИАГИНСКАЯ
419,1,Республика_Адыгея,,Giaginskiy,882d55c89bfffff,GIAGINSKAYA,ГИАГИНСКАЯ
420,1,Республика_Адыгея,,Giaginskiy,882d55d8ebfffff,GIAGINSKAYA,ГИАГИНСКАЯ
421,1,Республика_Адыгея,,Giaginskiy,882d5550c1fffff,GIAGINSKAYA,ГИАГИНСКАЯ
422,1,Республика_Адыгея,,Giaginskiy,882d555245fffff,GIAGINSKAYA,ГИАГИНСКАЯ
423,1,Республика_Адыгея,,Giaginskiy,882d55ca83fffff,GIAGINSKAYA,ГИАГИНСКАЯ
424,1,Республика_Адыгея,,Giaginskiy,882d55c12bfffff,GIAGINSKAYA,ГИАГИНСКАЯ
425,1,Республика_Адыгея,,Giaginskiy,882d55ce2bfffff,GIAGINSKAYA,ГИАГИНСКАЯ
426,1,Республика_Адыгея,,Giaginskiy,882d55515bfffff,GIAGINSKAYA,ГИАГИНСКАЯ
427,1,Республика_Адыгея,,Giaginskiy,882d55d9c7fffff,GIAGINSKAYA,ГИАГИНСКАЯ
428,1,Республика_Адыгея,,Giaginskiy,882d55cacbfffff,GIAGINSKAYA,ГИАГИНСКАЯ
429,1,Республика_Адыгея,,Giaginskiy,882d543693fffff,GIAGINSKAYA,ГИАГИНСКАЯ
430,1,Республика_Адыгея,,Giaginskiy,882d55ce55fffff,GIAGINSKAYA,ГИАГИНСКАЯ
431,1,Республика_Адыгея,,Giaginskiy,882d55c149fffff,GIAGINSKAYA,ГИАГИНСКАЯ
432,1,Республика_Адыгея,,Giaginskiy,882d55522dfffff,GIAGINSKAYA,ГИАГИНСКАЯ
433,1,Республика_Адыгея,,Giaginskiy,882d55cd81fffff,GIAGINSKAYA,ГИАГИНСКАЯ
434,1,Республика_Адыгея,,Giaginskiy,882d55c9b3fffff,GIAGINSKAYA,ГИАГИНСКАЯ
435,1,Республика_Адыгея,,Giaginskiy,882d555187fffff,GIAGINSKAYA,ГИАГИНСКАЯ
436,1,Республика_Адыгея,,Giaginskiy,882d55c337fffff,GIAGINSKAYA,ГИАГИНСКАЯ
437,1,Республика_Адыгея,,Giaginskiy,882d55cc69fffff,GIAGINSKAYA,ГИАГИНСКАЯ
438,1,Республика_Адыгея,,Giaginskiy,882d55cc05fffff,GIAGINSKAYA,ГИАГИНСКАЯ
439,1,Республика_Адыгея,,Giaginskiy,882d555333fffff,GIAGINSKAYA,ГИАГИНСКАЯ
440,1,Республика_Адыгея,,Giaginskiy,882d55cce5fffff,GIAGINSKAYA,ГИАГИНСКАЯ
441,1,Республика_Адыгея,,Giaginskiy,882d55c8d5fffff,GIAGINSKAYA,ГИАГИНСКАЯ
442,1,Республика_Адыгея,,Giaginskiy,882d55c925fffff,GIAGINSKAYA,ГИАГИНСКАЯ
443,1,Республика_Адыгея,,Giaginskiy,882d55d991fffff,GIAGINSKAYA,ГИАГИНСКАЯ
444,1,Республика_Адыгея,,Giaginskiy,882d55c9edfffff,GIAGINSKAYA,ГИАГИНСКАЯ
445,1,Республика_Адыгея,,Giaginskiy,882d55cd31fffff,GIAGINSKAYA,ГИАГИНСКАЯ
446,1,Республика_Адыгея,,Giaginskiy,882d5551ddfffff,GIAGINSKAYA,ГИАГИНСКАЯ
447,1,Республика_Адыгея,,Giaginskiy,882d55cf4bfffff,GIAGINSKAYA,ГИАГИНСКАЯ
448,1,Республика_Адыгея,,Giaginskiy,882d55d99dfffff,GIAGINSKAYA,ГИАГИНСКАЯ
449,1,Республика_Адыгея,,Giaginskiy,882d55c1e5fffff,GIAGINSKAYA,ГИАГИНСКАЯ
450,1,Республика_Адыгея,,Giaginskiy,882d55c923fffff,GIAGINSKAYA,ГИАГИНСКАЯ
451,1,Республика_Адыгея,,Giaginskiy,882d55ca35fffff,GIAGINSKAYA,ГИАГИНСКАЯ
452,1,Республика_Адыгея,,Giaginskiy,882d55c899fffff,GIAGINSKAYA,ГИАГИНСКАЯ
453,1,Республика_Адыгея,,Giaginskiy,882d5550abfffff,GIAGINSKAYA,ГИАГИНСКАЯ
454,1,Республика_Адыгея,,Giaginskiy,882d55c137fffff,GIAGINSKAYA,ГИАГИНСКАЯ
455,1,Республика_Адыгея,,Giaginskiy,882d55cdc7fffff,GIAGINSKAYA,ГИАГИНСКАЯ
456,1,Республика_Адыгея,,Giaginskiy,882d55c1b3fffff,GIAGINSKAYA,ГИАГИНСКАЯ
457,1,Республика_Адыгея,,Giaginskiy,882d55d8a7fffff,GIAGINSKAYA,ГИАГИНСКАЯ
458,1,Республика_Адыгея,,Giaginskiy,882d555311fffff,GIAGINSKAYA,ГИАГИНСКАЯ
459,1,Республика_Адыгея,,Giaginskiy,882d55c043fffff,GIAGINSKAYA,ГИАГИНСКАЯ
460,1,Республика_Адыгея,,Giaginskiy,882d5551edfffff,GIAGINSKAYA,ГИАГИНСКАЯ
461,1,Республика_Адыгея,,Giaginskiy,882d5552a1fffff,GIAGINSKAYA,ГИАГИНСКАЯ
462,1,Республика_Адыгея,,Giaginskiy,882d55ca9bfffff,GIAGINSKAYA,ГИАГИНСКАЯ
463,1,Республика_Адыгея,,Giaginskiy,882d55cf13fffff,GIAGINSKAYA,ГИАГИНСКАЯ
464,1,Республика_Адыгея,,Giaginskiy,882d55cf25fffff,GIAGINSKAYA,ГИАГИНСКАЯ
465,1,Республика_Адыгея,,Giaginskiy,882d55cdabfffff,GIAGINSKAYA,ГИАГИНСКАЯ
466,1,Республика_Адыгея,,Giaginskiy,882d5552a3fffff,GIAGINSKAYA,ГИАГИНСКАЯ
467,1,Республика_Адыгея,,Giaginskiy,882d55c327fffff,GIAGINSKAYA,ГИАГИНСКАЯ
468,1,Республика_Адыгея,,Giaginskiy,882d55cddbfffff,GIAGINSKAYA,ГИАГИНСКАЯ
469,1,Республика_Адыгея,,Giaginskiy,882d55c989fffff,GIAGINSKAYA,ГИАГИНСКАЯ
470,1,Республика_Адыгея,,Giaginskiy,882d55574bfffff,GIAGINSKAYA,ГИАГИНСКАЯ
471,1,Республика_Адыгея,,Giaginskiy,882d55c84bfffff,GIAGINSKAYA,ГИАГИНСКАЯ
472,1,Республика_Адыгея,,Giaginskiy,882d55c98dfffff,GIAGINSKAYA,ГИАГИНСКАЯ
473,1,Республика_Адыгея,,Giaginskiy,882d55cc23fffff,GIAGINSKAYA,ГИАГИНСКАЯ
474,1,Республика_Адыгея,,Giaginskiy,882d55cda5fffff,GIAGINSKAYA,ГИАГИНСКАЯ
475,1,Республика_Адыгея,,Giaginskiy,882d555299fffff,GIAGINSKAYA,ГИАГИНСКАЯ
476,1,Республика_Адыгея,,Giaginskiy,882d555205fffff,GIAGINSKAYA,ГИАГИНСКАЯ
477,1,Республика_Адыгея,,Giaginskiy,882d555745fffff,GIAGINSKAYA,ГИАГИНСКАЯ
478,1,Республика_Адыгея,,Giaginskiy,882d555223fffff,GIAGINSKAYA,ГИАГИНСКАЯ
479,1,Республика_Адыгея,,Giaginskiy,882d55cf2bfffff,GIAGINSKAYA,ГИАГИНСКАЯ
480,1,Республика_Адыгея,,Giaginskiy,882d555331fffff,GIAGINSKAYA,ГИАГИНСКАЯ
481,1,Республика_Адыгея,,Giaginskiy,882d55c15dfffff,GIAGINSKAYA,ГИАГИНСКАЯ
482,1,Республика_Адыгея,,Giaginskiy,882d5550a9fffff,GIAGINSKAYA,ГИАГИНСКАЯ
483,1,Республика_Адыгея,,Giaginskiy,882d55cf0dfffff,GIAGINSKAYA,ГИАГИНСКАЯ
484,1,Республика_Адыгея,,Giaginskiy,882d55cf11fffff,GIAGINSKAYA,ГИАГИНСКАЯ
485,1,Республика_Адыгея,,Giaginskiy,882d55c963fffff,GIAGINSKAYA,ГИАГИНСКАЯ
486,1,Республика_Адыгея,,Giaginskiy,882d555211fffff,GIAGINSKAYA,ГИАГИНСКАЯ
487,1,Республика_Адыгея,,Giaginskiy,882d55c33dfffff,GIAGINSKAYA,ГИАГИНСКАЯ
488,1,Республика_Адыгея,,Giaginskiy,882d555113fffff,GIAGINSKAYA,ГИАГИНСКАЯ
489,1,Республика_Адыгея,,Giaginskiy,882d555751fffff,GIAGINSKAYA,ГИАГИНСКАЯ
490,1,Республика_Адыгея,,Giaginskiy,882d55cf03fffff,GIAGINSKAYA,ГИАГИНСКАЯ
491,1,Республика_Адыгея,,Giaginskiy,882d55cd6bfffff,GIAGINSKAYA,ГИАГИНСКАЯ
492,1,Республика_Адыгея,,Giaginskiy,882d55535dfffff,GIAGINSKAYA,ГИАГИНСКАЯ
493,1,Республика_Адыгея,,Giaginskiy,882d55cde9fffff,GIAGINSKAYA,ГИАГИНСКАЯ
494,1,Республика_Адыгея,,Giaginskiy,882d55cd1dfffff,GIAGINSKAYA,ГИАГИНСКАЯ
495,1,Республика_Адыгея,,Giaginskiy,882d55d9b3fffff,GIAGINSKAYA,ГИАГИНСКАЯ
496,1,Республика_Адыгея,,Giaginskiy,882d55c99dfffff,GIAGINSKAYA,ГИАГИНСКАЯ
497,1,Республика_Адыгея,,Giaginskiy,882d55c997fffff,GIAGINSKAYA,ГИАГИНСКАЯ
498,1,Республика_Адыгея,,Giaginskiy,882d55c88bfffff,GIAGINSKAYA,ГИАГИНСКАЯ
499,1,Республика_Адыгея,,Giaginskiy,882d55c9e7fffff,GIAGINSKAYA,ГИАГИНСКАЯ
500,1,Республика_Адыгея,,Giaginskiy,882d55c827fffff,GIAGINSKAYA,ГИАГИНСКАЯ
501,1,Республика_Адыгея,,Giaginskiy,882d55d8bbfffff,GIAGINSKAYA,ГИАГИНСКАЯ
502,1,Республика_Адыгея,,Giaginskiy,882d55d881fffff,GIAGINSKAYA,ГИАГИНСКАЯ
503,1,Республика_Адыгея,,Giaginskiy,882d55c819fffff,GIAGINSKAYA,ГИАГИНСКАЯ
504,1,Республика_Адыгея,,Giaginskiy,882d55c8d9fffff,GIAGINSKAYA,ГИАГИНСКАЯ
505,1,Республика_Адыгея,,Giaginskiy,882d55c851fffff,GIAGINSKAYA,ГИАГИНСКАЯ
506,1,Республика_Адыгея,,Giaginskiy,882d55cf15fffff,GIAGINSKAYA,ГИАГИНСКАЯ
507,1,Республика_Адыгея,,Giaginskiy,882d55c9ebfffff,GIAGINSKAYA,ГИАГИНСКАЯ
508,1,Республика_Адыгея,,Giaginskiy,882d55c9b7fffff,GIAGINSKAYA,ГИАГИНСКАЯ
509,1,Республика_Адыгея,,Giaginskiy,882d555241fffff,GIAGINSKAYA,ГИАГИНСКАЯ
510,1,Республика_Адыгея,,Giaginskiy,882d55cf39fffff,GIAGINSKAYA,ГИАГИНСКАЯ
511,1,Республика_Адыгея,,Giaginskiy,882d5550ebfffff,GIAGINSKAYA,ГИАГИНСКАЯ
512,1,Республика_Адыгея,,Giaginskiy,882d55cf47fffff,GIAGINSKAYA,ГИАГИНСКАЯ
513,1,Республика_Адыгея,,Giaginskiy,882d55d8a9fffff,GIAGINSKAYA,ГИАГИНСКАЯ
514,1,Республика_Адыгея,,Giaginskiy,882d55d9c3fffff,GIAGINSKAYA,ГИАГИНСКАЯ
515,1,Республика_Адыгея,,Giaginskiy,882d55d9a3fffff,GIAGINSKAYA,ГИАГИНСКАЯ
516,1,Республика_Адыгея,,Giaginskiy,882d55ce65fffff,GIAGINSKAYA,ГИАГИНСКАЯ
517,1,Республика_Адыгея,,Giaginskiy,882d55ca43fffff,GIAGINSKAYA,ГИАГИНСКАЯ
518,1,Республика_Адыгея,,Giaginskiy,882d5552d1fffff,GIAGINSKAYA,ГИАГИНСКАЯ
519,1,Республика_Адыгея,,Giaginskiy,882d55ca1dfffff,GIAGINSKAYA,ГИАГИНСКАЯ
520,1,Республика_Адыгея,,Giaginskiy,882d555225fffff,GIAGINSKAYA,ГИАГИНСКАЯ
521,1,Республика_Адыгея,,Giaginskiy,882d5426c9fffff,GIAGINSKAYA,ГИАГИНСКАЯ
522,1,Республика_Адыгея,,Giaginskiy,882d55c9a7fffff,GIAGINSKAYA,ГИАГИНСКАЯ
523,1,Республика_Адыгея,,Giaginskiy,882d55c849fffff,GIAGINSKAYA,ГИАГИНСКАЯ
524,1,Республика_Адыгея,,Giaginskiy,882d555237fffff,GIAGINSKAYA,ГИАГИНСКАЯ
525,1,Республика_Адыгея,,Giaginskiy,882d55cc6bfffff,GIAGINSKAYA,ГИАГИНСКАЯ
526,1,Республика_Адыгея,,Giaginskiy,882d55c10dfffff,GIAGINSKAYA,ГИАГИНСКАЯ
527,1,Республика_Адыгея,,Giaginskiy,882d55c0b5fffff,GIAGINSKAYA,ГИАГИНСКАЯ
528,1,Республика_Адыгея,,Giaginskiy,882d55cf19fffff,GIAGINSKAYA,ГИАГИНСКАЯ
529,1,Республика_Адыгея,,Giaginskiy,882d55c9cbfffff,GIAGINSKAYA,ГИАГИНСКАЯ
530,1,Республика_Адыгея,,Giaginskiy,882d55c869fffff,GIAGINSKAYA,ГИАГИНСКАЯ
531,1,Республика_Адыгея,,Giaginskiy,882d55ca21fffff,GIAGINSKAYA,ГИАГИНСКАЯ
532,1,Республика_Адыгея,,Giaginskiy,882d55c191fffff,GIAGINSKAYA,ГИАГИНСКАЯ
533,1,Республика_Адыгея,,Giaginskiy,882d5550b5fffff,GIAGINSKAYA,ГИАГИНСКАЯ
534,1,Республика_Адыгея,,Giaginskiy,882d55c8b9fffff,GIAGINSKAYA,ГИАГИНСКАЯ
535,1,Республика_Адыгея,,Giaginskiy,882d55cae5fffff,GIAGINSKAYA,ГИАГИНСКАЯ
536,1,Республика_Адыгея,,Giaginskiy,882d55d8d9fffff,GIAGINSKAYA,ГИАГИНСКАЯ
537,1,Республика_Адыгея,,Giaginskiy,882d5550c3fffff,GIAGINSKAYA,ГИАГИНСКАЯ
538,1,Республика_Адыгея,,Giaginskiy,882d55c86bfffff,GIAGINSKAYA,ГИАГИНСКАЯ
539,1,Республика_Адыгея,,Giaginskiy,882d55521dfffff,GIAGINSKAYA,ГИАГИНСКАЯ
540,1,Республика_Адыгея,,Giaginskiy,882d5551d5fffff,GIAGINSKAYA,ГИАГИНСКАЯ
541,1,Республика_Адыгея,,Giaginskiy,882d55c0a5fffff,GIAGINSKAYA,ГИАГИНСКАЯ
542,1,Республика_Адыгея,,Giaginskiy,882d55caebfffff,GIAGINSKAYA,ГИАГИНСКАЯ
543,1,Республика_Адыгея,,Giaginskiy,882d555255fffff,GIAGINSKAYA,ГИАГИНСКАЯ
544,1,Республика_Адыгея,,Giaginskiy,882d555741fffff,GIAGINSKAYA,ГИАГИНСКАЯ
545,1,Республика_Адыгея,,Giaginskiy,882d55c995fffff,GIAGINSKAYA,ГИАГИНСКАЯ
546,1,Республика_Адыгея,,Giaginskiy,882d55c937fffff,GIAGINSKAYA,ГИАГИНСКАЯ
547,1,Республика_Адыгея,,Giaginskiy,882d55ca45fffff,GIAGINSKAYA,ГИАГИНСКАЯ
548,1,Республика_Адыгея,,Giaginskiy,882d55d891fffff,GIAGINSKAYA,ГИАГИНСКАЯ
549,1,Республика_Адыгея,,Giaginskiy,882d55d889fffff,GIAGINSKAYA,ГИАГИНСКАЯ
550,1,Республика_Адыгея,,Giaginskiy,882d555159fffff,GIAGINSKAYA,ГИАГИНСКАЯ
551,1,Республика_Адыгея,,Giaginskiy,882d55cd11fffff,GIAGINSKAYA,ГИАГИНСКАЯ
552,1,Республика_Адыгея,,Giaginskiy,882d55c957fffff,GIAGINSKAYA,ГИАГИНСКАЯ
553,1,Республика_Адыгея,,Giaginskiy,882d55505bfffff,GIAGINSKAYA,ГИАГИНСКАЯ
554,1,Республика_Адыгея,,Giaginskiy,882d55c92bfffff,GIAGINSKAYA,ГИАГИНСКАЯ
555,1,Республика_Адыгея,,Giaginskiy,882d55d8edfffff,GIAGINSKAYA,ГИАГИНСКАЯ
556,1,Республика_Адыгея,,Giaginskiy,882d5552ebfffff,GIAGINSKAYA,ГИАГИНСКАЯ
557,1,Республика_Адыгея,,Giaginskiy,882d5426c1fffff,GIAGINSKAYA,ГИАГИНСКАЯ
558,1,Республика_Адыгея,,Giaginskiy,882d55c927fffff,GIAGINSKAYA,ГИАГИНСКАЯ
559,1,Республика_Адыгея,,Giaginskiy,882d5552adfffff,GIAGINSKAYA,ГИАГИНСКАЯ
560,1,Республика_Адыгея,,Giaginskiy,882d55cf49fffff,GIAGINSKAYA,ГИАГИНСКАЯ
561,1,Республика_Адыгея,,Giaginskiy,882d555369fffff,GIAGINSKAYA,ГИАГИНСКАЯ
562,1,Республика_Адыгея,,Giaginskiy,882d55d917fffff,GIAGINSKAYA,ГИАГИНСКАЯ
563,1,Республика_Адыгея,,Giaginskiy,882d55c999fffff,GIAGINSKAYA,ГИАГИНСКАЯ
564,1,Республика_Адыгея,,Giaginskiy,882d55c881fffff,GIAGINSKAYA,ГИАГИНСКАЯ
565,1,Республика_Адыгея,,Giaginskiy,882d55ca95fffff,GIAGINSKAYA,ГИАГИНСКАЯ
566,1,Республика_Адыгея,,Giaginskiy,882d55cf23fffff,GIAGINSKAYA,ГИАГИНСКАЯ
567,1,Республика_Адыгея,,Giaginskiy,882d55ca51fffff,GIAGINSKAYA,ГИАГИНСКАЯ
568,1,Республика_Адыгея,,Giaginskiy,882d55c119fffff,GIAGINSKAYA,ГИАГИНСКАЯ
569,1,Республика_Адыгея,,Giaginskiy,882d55cabdfffff,GIAGINSKAYA,ГИАГИНСКАЯ
570,1,Республика_Адыгея,,Giaginskiy,882d5552d9fffff,GIAGINSKAYA,ГИАГИНСКАЯ
571,1,Республика_Адыгея,,Giaginskiy,882d55c993fffff,GIAGINSKAYA,ГИАГИНСКАЯ
572,1,Республика_Адыгея,,Giaginskiy,882d55d8cbfffff,GIAGINSKAYA,ГИАГИНСКАЯ
573,1,Республика_Адыгея,,Giaginskiy,882d55ce05fffff,GIAGINSKAYA,ГИАГИНСКАЯ
574,1,Республика_Адыгея,,Giaginskiy,882d55c8bbfffff,GIAGINSKAYA,ГИАГИНСКАЯ
575,1,Республика_Адыгея,,Giaginskiy,882d55c103fffff,GIAGINSKAYA,ГИАГИНСКАЯ
576,1,Республика_Адыгея,,Giaginskiy,882d55508dfffff,GIAGINSKAYA,ГИАГИНСКАЯ
577,1,Республика_Адыгея,,Giaginskiy,882d55506dfffff,GIAGINSKAYA,ГИАГИНСКАЯ
578,1,Республика_Адыгея,,Giaginskiy,882d55cb3dfffff,GIAGINSKAYA,ГИАГИНСКАЯ
579,1,Республика_Адыгея,,Giaginskiy,882d55c041fffff,GIAGINSKAYA,ГИАГИНСКАЯ
580,1,Республика_Адыгея,,Giaginskiy,882d55c865fffff,GIAGINSKAYA,ГИАГИНСКАЯ
581,1,Республика_Адыгея,,Giaginskiy,882d555025fffff,GIAGINSKAYA,ГИАГИНСКАЯ
582,1,Республика_Адыгея,,Giaginskiy,882d55c847fffff,GIAGINSKAYA,ГИАГИНСКАЯ
583,1,Республика_Адыгея,,Giaginskiy,882d55c9b5fffff,GIAGINSKAYA,ГИАГИНСКАЯ
584,1,Республика_Адыгея,,Giaginskiy,882d55d88dfffff,GIAGINSKAYA,ГИАГИНСКАЯ
585,1,Республика_Адыгея,,Giaginskiy,882d55c1cbfffff,GIAGINSKAYA,ГИАГИНСКАЯ
586,1,Республика_Адыгея,,Giaginskiy,882d555287fffff,GIAGINSKAYA,ГИАГИНСКАЯ
587,1,Республика_Адыгея,,Giaginskiy,882d55c105fffff,GIAGINSKAYA,ГИАГИНСКАЯ
588,1,Республика_Адыгея,,Giaginskiy,882d55c89dfffff,GIAGINSKAYA,ГИАГИНСКАЯ
589,1,Республика_Адыгея,,Giaginskiy,882d555359fffff,GIAGINSKAYA,ГИАГИНСКАЯ
590,1,Республика_Адыгея,,Giaginskiy,882d55d815fffff,GIAGINSKAYA,ГИАГИНСКАЯ
591,1,Республика_Адыгея,,Giaginskiy,882d55c1cdfffff,GIAGINSKAYA,ГИАГИНСКАЯ
592,1,Республика_Адыгея,,Giaginskiy,882d5550b9fffff,GIAGINSKAYA,ГИАГИНСКАЯ
593,1,Республика_Адыгея,,Giaginskiy,882d55c107fffff,GIAGINSKAYA,ГИАГИНСКАЯ
594,1,Республика_Адыгея,,Giaginskiy,882d55cd13fffff,GIAGINSKAYA,ГИАГИНСКАЯ
595,1,Республика_Адыгея,,Giaginskiy,882d55c815fffff,GIAGINSKAYA,ГИАГИНСКАЯ
596,1,Республика_Адыгея,,Giaginskiy,882d5551c1fffff,GIAGINSKAYA,ГИАГИНСКАЯ
597,1,Республика_Адыгея,,Giaginskiy,882d5551e9fffff,GIAGINSKAYA,ГИАГИНСКАЯ
598,1,Республика_Адыгея,,Giaginskiy,882d5550dbfffff,GIAGINSKAYA,ГИАГИНСКАЯ
599,1,Республика_Адыгея,,Giaginskiy,882d55c8b7fffff,GIAGINSKAYA,ГИАГИНСКАЯ
600,1,Республика_Адыгея,,Giaginskiy,882d555029fffff,GIAGINSKAYA,ГИАГИНСКАЯ
601,1,Республика_Адыгея,,Giaginskiy,882d55c34dfffff,GIAGINSKAYA,ГИАГИНСКАЯ
602,1,Республика_Адыгея,,Giaginskiy,882d55dab5fffff,GIAGINSKAYA,ГИАГИНСКАЯ
603,1,Республика_Адыгея,,Giaginskiy,882d55c82bfffff,GIAGINSKAYA,ГИАГИНСКАЯ
604,1,Республика_Адыгея,,Giaginskiy,882d55caa7fffff,GIAGINSKAYA,ГИАГИНСКАЯ
605,1,Республика_Адыгея,,Giaginskiy,882d55d9d5fffff,GIAGINSKAYA,ГИАГИНСКАЯ
606,1,Республика_Адыгея,,Giaginskiy,882d555083fffff,GIAGINSKAYA,ГИАГИНСКАЯ
607,1,Республика_Адыгея,,Giaginskiy,882d55d981fffff,GIAGINSKAYA,ГИАГИНСКАЯ
608,1,Республика_Адыгея,,Giaginskiy,882d55c235fffff,GIAGINSKAYA,ГИАГИНСКАЯ
609,1,Республика_Адыгея,,Giaginskiy,882d55ca3bfffff,GIAGINSKAYA,ГИАГИНСКАЯ
610,1,Республика_Адыгея,,Giaginskiy,882d55ce07fffff,GIAGINSKAYA,ГИАГИНСКАЯ
611,1,Республика_Адыгея,,Giaginskiy,882d55c981fffff,GIAGINSKAYA,ГИАГИНСКАЯ
612,1,Республика_Адыгея,,Giaginskiy,882d55c305fffff,GIAGINSKAYA,ГИАГИНСКАЯ
613,1,Республика_Адыгея,,Giaginskiy,882d555007fffff,GIAGINSKAYA,ГИАГИНСКАЯ
614,1,Республика_Адыгея,,Giaginskiy,882d55c10bfffff,GIAGINSKAYA,ГИАГИНСКАЯ
615,1,Республика_Адыгея,,Giaginskiy,882d55cb49fffff,GIAGINSKAYA,ГИАГИНСКАЯ
616,1,Республика_Адыгея,,Giaginskiy,882d55cf65fffff,GIAGINSKAYA,ГИАГИНСКАЯ
617,1,Республика_Адыгея,,Giaginskiy,882d55cf1dfffff,GIAGINSKAYA,ГИАГИНСКАЯ
618,1,Республика_Адыгея,,Giaginskiy,882d55cd23fffff,GIAGINSKAYA,ГИАГИНСКАЯ
619,1,Республика_Адыгея,,Giaginskiy,882d55cf21fffff,GIAGINSKAYA,ГИАГИНСКАЯ
620,1,Республика_Адыгея,,Giaginskiy,882d55cb6bfffff,GIAGINSKAYA,ГИАГИНСКАЯ
621,1,Республика_Адыгея,,Giaginskiy,882d55c8b5fffff,GIAGINSKAYA,ГИАГИНСКАЯ
622,1,Республика_Адыгея,,Giaginskiy,882d55cb39fffff,GIAGINSKAYA,ГИАГИНСКАЯ
623,1,Республика_Адыгея,,Giaginskiy,882d55d8adfffff,GIAGINSKAYA,ГИАГИНСКАЯ
624,1,Республика_Адыгея,,Giaginskiy,882d55c343fffff,GIAGINSKAYA,ГИАГИНСКАЯ
625,1,Республика_Адыгея,,Giaginskiy,882d55c165fffff,GIAGINSKAYA,ГИАГИНСКАЯ
626,1,Республика_Адыгея,,Giaginskiy,882d55d8cdfffff,GIAGINSKAYA,ГИАГИНСКАЯ
627,1,Республика_Адыгея,,Giaginskiy,882d55c139fffff,GIAGINSKAYA,ГИАГИНСКАЯ
628,1,Республика_Адыгея,,Giaginskiy,882d555045fffff,GIAGINSKAYA,ГИАГИНСКАЯ
629,1,Республика_Адыгея,,Giaginskiy,882d55ce43fffff,GIAGINSKAYA,ГИАГИНСКАЯ
630,1,Республика_Адыгея,,Giaginskiy,882d555215fffff,GIAGINSKAYA,ГИАГИНСКАЯ
631,1,Республика_Адыгея,,Giaginskiy,882d55d9d7fffff,GIAGINSKAYA,ГИАГИНСКАЯ
632,1,Республика_Адыгея,,Giaginskiy,882d55d9c1fffff,GIAGINSKAYA,ГИАГИНСКАЯ
633,1,Республика_Адыгея,,Giaginskiy,882d555053fffff,GIAGINSKAYA,ГИАГИНСКАЯ
634,1,Республика_Адыгея,,Giaginskiy,882d5426ddfffff,GIAGINSKAYA,ГИАГИНСКАЯ
635,1,Республика_Адыгея,,Giaginskiy,882d55caa9fffff,GIAGINSKAYA,ГИАГИНСКАЯ
636,1,Республика_Адыгея,,Giaginskiy,882d55cda1fffff,GIAGINSKAYA,ГИАГИНСКАЯ
637,1,Республика_Адыгея,,Giaginskiy,882d555663fffff,GIAGINSKAYA,ГИАГИНСКАЯ
638,1,Республика_Адыгея,,Giaginskiy,882d55cb07fffff,GIAGINSKAYA,ГИАГИНСКАЯ
639,1,Республика_Адыгея,,Giaginskiy,882d555153fffff,GIAGINSKAYA,ГИАГИНСКАЯ
640,1,Республика_Адыгея,,Giaginskiy,882d55d9c5fffff,GIAGINSKAYA,ГИАГИНСКАЯ
641,1,Республика_Адыгея,,Giaginskiy,882d555259fffff,GIAGINSKAYA,ГИАГИНСКАЯ
642,1,Республика_Адыгея,,Giaginskiy,882d55cb4dfffff,GIAGINSKAYA,ГИАГИНСКАЯ
643,1,Республика_Адыгея,,Giaginskiy,882d55528dfffff,GIAGINSKAYA,ГИАГИНСКАЯ
644,1,Республика_Адыгея,,Giaginskiy,882d55cf3bfffff,GIAGINSKAYA,ГИАГИНСКАЯ
645,1,Республика_Адыгея,,Giaginskiy,882d55cd0bfffff,GIAGINSKAYA,ГИАГИНСКАЯ
646,1,Республика_Адыгея,,Giaginskiy,882d55cb45fffff,GIAGINSKAYA,ГИАГИНСКАЯ
647,1,Республика_Адыгея,,Giaginskiy,882d555755fffff,GIAGINSKAYA,ГИАГИНСКАЯ
648,1,Республика_Адыгея,,Giaginskiy,882d555757fffff,GIAGINSKAYA,ГИАГИНСКАЯ
649,1,Республика_Адыгея,,Giaginskiy,882d55ca15fffff,GIAGINSKAYA,ГИАГИНСКАЯ
650,1,Республика_Адыгея,,Giaginskiy,882d55c857fffff,GIAGINSKAYA,ГИАГИНСКАЯ
651,1,Республика_Адыгея,,Giaginskiy,882d55c855fffff,GIAGINSKAYA,ГИАГИНСКАЯ
652,1,Республика_Адыгея,,Giaginskiy,882d55cc25fffff,GIAGINSKAYA,ГИАГИНСКАЯ
653,1,Республика_Адыгея,,Giaginskiy,882d555317fffff,GIAGINSKAYA,ГИАГИНСКАЯ
654,1,Республика_Адыгея,,Giaginskiy,882d55d893fffff,GIAGINSKAYA,ГИАГИНСКАЯ
655,1,Республика_Адыгея,,Giaginskiy,882d55c9d5fffff,GIAGINSKAYA,ГИАГИНСКАЯ
656,1,Республика_Адыгея,,Giaginskiy,882d5550c5fffff,GIAGINSKAYA,ГИАГИНСКАЯ
657,1,Республика_Адыгея,,Giaginskiy,882d55c113fffff,GIAGINSKAYA,ГИАГИНСКАЯ
658,1,Республика_Адыгея,,Giaginskiy,882d5551c5fffff,GIAGINSKAYA,ГИАГИНСКАЯ
659,1,Республика_Адыгея,,Giaginskiy,882d55cc67fffff,GIAGINSKAYA,ГИАГИНСКАЯ
660,1,Республика_Адыгея,,Giaginskiy,882d55d8a1fffff,GIAGINSKAYA,ГИАГИНСКАЯ
661,1,Республика_Адыгея,,Giaginskiy,882d555209fffff,GIAGINSKAYA,ГИАГИНСКАЯ
662,1,Республика_Адыгея,,Giaginskiy,882d54261bfffff,GIAGINSKAYA,ГИАГИНСКАЯ
663,1,Республика_Адыгея,,Giaginskiy,882d55cf07fffff,GIAGINSKAYA,ГИАГИНСКАЯ
664,1,Республика_Адыгея,,Giaginskiy,882d55d9e7fffff,GIAGINSKAYA,ГИАГИНСКАЯ
665,1,Республика_Адыгея,,Giaginskiy,882d55cde3fffff,GIAGINSKAYA,ГИАГИНСКАЯ
666,1,Республика_Адыгея,,Giaginskiy,882d55d9b1fffff,GIAGINSKAYA,ГИАГИНСКАЯ
667,1,Республика_Адыгея,,Giaginskiy,882d555291fffff,GIAGINSKAYA,ГИАГИНСКАЯ
668,1,Республика_Адыгея,,Giaginskiy,882d55cd05fffff,GIAGINSKAYA,ГИАГИНСКАЯ
669,1,Республика_Адыгея,,Giaginskiy,882d55c9abfffff,GIAGINSKAYA,ГИАГИНСКАЯ
670,1,Республика_Адыгея,,Giaginskiy,882d555015fffff,GIAGINSKAYA,ГИАГИНСКАЯ
671,1,Республика_Адыгея,,Giaginskiy,882d555047fffff,GIAGINSKAYA,ГИАГИНСКАЯ
672,1,Республика_Адыгея,,Giaginskiy,882d55c029fffff,GIAGINSKAYA,ГИАГИНСКАЯ
673,1,Республика_Адыгея,,Giaginskiy,882d55cac1fffff,GIAGINSKAYA,ГИАГИНСКАЯ
674,1,Республика_Адыгея,,Giaginskiy,882d55c93bfffff,GIAGINSKAYA,ГИАГИНСКАЯ
675,1,Республика_Адыгея,,Giaginskiy,882d55cd99fffff,GIAGINSKAYA,ГИАГИНСКАЯ
676,1,Республика_Адыгея,,Giaginskiy,882d55505dfffff,GIAGINSKAYA,ГИАГИНСКАЯ
677,1,Республика_Адыгея,,Giaginskiy,882d5551d3fffff,GIAGINSKAYA,ГИАГИНСКАЯ
678,1,Республика_Адыгея,,Giaginskiy,882d55c9c1fffff,GIAGINSKAYA,ГИАГИНСКАЯ
679,1,Республика_Адыгея,,Giaginskiy,882d555067fffff,GIAGINSKAYA,ГИАГИНСКАЯ
680,1,Республика_Адыгея,,Giaginskiy,882d55c027fffff,GIAGINSKAYA,ГИАГИНСКАЯ
681,1,Республика_Адыгея,,Giaginskiy,882d55566dfffff,GIAGINSKAYA,ГИАГИНСКАЯ
682,1,Республика_Адыгея,,Giaginskiy,882d55d8b3fffff,GIAGINSKAYA,ГИАГИНСКАЯ
683,1,Республика_Адыгея,,Giaginskiy,882d55c8c9fffff,GIAGINSKAYA,ГИАГИНСКАЯ
684,1,Республика_Адыгея,,Giaginskiy,882d55c939fffff,GIAGINSKAYA,ГИАГИНСКАЯ
685,1,Республика_Адыгея,,Giaginskiy,882d555117fffff,GIAGINSKAYA,ГИАГИНСКАЯ
686,1,Республика_Адыгея,,Giaginskiy,882d55c19bfffff,GIAGINSKAYA,ГИАГИНСКАЯ
687,1,Республика_Адыгея,,Giaginskiy,882d55c967fffff,GIAGINSKAYA,ГИАГИНСКАЯ
688,1,Республика_Адыгея,,Giaginskiy,882d55c8e9fffff,GIAGINSKAYA,ГИАГИНСКАЯ
689,1,Республика_Адыгея,,Giaginskiy,882d55c8adfffff,GIAGINSKAYA,ГИАГИНСКАЯ
690,1,Республика_Адыгея,,Giaginskiy,882d55cd69fffff,GIAGINSKAYA,ГИАГИНСКАЯ
691,1,Республика_Адыгея,,Giaginskiy,882d55cc47fffff,GIAGINSKAYA,ГИАГИНСКАЯ
692,1,Республика_Адыгея,,Giaginskiy,882d555193fffff,GIAGINSKAYA,ГИАГИНСКАЯ
693,1,Республика_Адыгея,,Giaginskiy,882d55d885fffff,GIAGINSKAYA,ГИАГИНСКАЯ
694,1,Республика_Адыгея,,Giaginskiy,882d55525bfffff,GIAGINSKAYA,ГИАГИНСКАЯ
695,1,Республика_Адыгея,,Giaginskiy,882d555005fffff,GIAGINSKAYA,ГИАГИНСКАЯ
696,1,Республика_Адыгея,,Giaginskiy,882d55c887fffff,GIAGINSKAYA,ГИАГИНСКАЯ
697,1,Республика_Адыгея,,Giaginskiy,882d55c93dfffff,GIAGINSKAYA,ГИАГИНСКАЯ
698,1,Республика_Адыгея,,Giaginskiy,882d55cd65fffff,GIAGINSKAYA,ГИАГИНСКАЯ
699,1,Республика_Адыгея,,Giaginskiy,882d55526dfffff,GIAGINSKAYA,ГИАГИНСКАЯ
700,1,Республика_Адыгея,,Giaginskiy,882d55c8c1fffff,GIAGINSKAYA,ГИАГИНСКАЯ
701,1,Республика_Адыгея,,Giaginskiy,882d55ca33fffff,GIAGINSKAYA,ГИАГИНСКАЯ
702,1,Республика_Адыгея,,Giaginskiy,882d55c035fffff,GIAGINSKAYA,ГИАГИНСКАЯ
703,1,Республика_Адыгея,,Giaginskiy,882d555769fffff,GIAGINSKAYA,ГИАГИНСКАЯ
704,1,Республика_Адыгея,,Giaginskiy,882d55ca5bfffff,GIAGINSKAYA,ГИАГИНСКАЯ
705,1,Республика_Адыгея,,Giaginskiy,882d55d899fffff,GIAGINSKAYA,ГИАГИНСКАЯ
706,1,Республика_Адыгея,,Giaginskiy,882d55cd17fffff,GIAGINSKAYA,ГИАГИНСКАЯ
707,1,Республика_Адыгея,,Giaginskiy,882d55cdadfffff,GIAGINSKAYA,ГИАГИНСКАЯ
708,1,Республика_Адыгея,,Giaginskiy,882d55c959fffff,GIAGINSKAYA,ГИАГИНСКАЯ
709,1,Республика_Адыгея,,Giaginskiy,882d55c83bfffff,GIAGINSKAYA,ГИАГИНСКАЯ
710,1,Республика_Адыгея,,Giaginskiy,882d555749fffff,GIAGINSKAYA,ГИАГИНСКАЯ
711,1,Республика_Адыгея,,Giaginskiy,882d55c985fffff,GIAGINSKAYA,ГИАГИНСКАЯ
712,1,Республика_Адыгея,,Giaginskiy,882d5550edfffff,GIAGINSKAYA,ГИАГИНСКАЯ
713,1,Республика_Адыгея,,Giaginskiy,882d555261fffff,GIAGINSKAYA,ГИАГИНСКАЯ
714,1,Республика_Адыгея,,Giaginskiy,882d55cf31fffff,GIAGINSKAYA,ГИАГИНСКАЯ
715,1,Республика_Адыгея,,Giaginskiy,882d55c9bbfffff,GIAGINSKAYA,ГИАГИНСКАЯ
716,1,Республика_Адыгея,,Giaginskiy,882d55d98dfffff,GIAGINSKAYA,ГИАГИНСКАЯ
717,1,Республика_Адыгея,,Giaginskiy,882d555217fffff,GIAGINSKAYA,ГИАГИНСКАЯ
718,1,Республика_Адыгея,,Giaginskiy,882d55cd9dfffff,GIAGINSKAYA,ГИАГИНСКАЯ
719,1,Республика_Адыгея,,Giaginskiy,882d555031fffff,GIAGINSKAYA,ГИАГИНСКАЯ
720,1,Республика_Адыгея,,Giaginskiy,882d55c821fffff,GIAGINSKAYA,ГИАГИНСКАЯ
721,1,Республика_Адыгея,,Giaginskiy,882d55cb0dfffff,GIAGINSKAYA,ГИАГИНСКАЯ
722,1,Республика_Адыгея,,Giaginskiy,882d55c321fffff,GIAGINSKAYA,ГИАГИНСКАЯ
723,1,Республика_Адыгея,,Giaginskiy,882d555305fffff,GIAGINSKAYA,ГИАГИНСКАЯ
724,1,Республика_Адыгея,,Giaginskiy,882d555315fffff,GIAGINSKAYA,ГИАГИНСКАЯ
725,1,Республика_Адыгея,,Giaginskiy,882d555263fffff,GIAGINSKAYA,ГИАГИНСКАЯ
726,1,Республика_Адыгея,,Giaginskiy,882d55caa1fffff,GIAGINSKAYA,ГИАГИНСКАЯ
727,1,Республика_Адыгея,,Giaginskiy,882d555669fffff,GIAGINSKAYA,ГИАГИНСКАЯ
728,1,Республика_Адыгея,,Giaginskiy,882d55ce09fffff,GIAGINSKAYA,ГИАГИНСКАЯ
729,1,Республика_Адыгея,,Giaginskiy,882d55c901fffff,GIAGINSKAYA,ГИАГИНСКАЯ
730,1,Республика_Адыгея,,Giaginskiy,882d55cb1bfffff,GIAGINSKAYA,ГИАГИНСКАЯ
731,1,Республика_Адыгея,,Giaginskiy,882d55cd57fffff,GIAGINSKAYA,ГИАГИНСКАЯ
732,1,Республика_Адыгея,,Giaginskiy,882d555011fffff,GIAGINSKAYA,ГИАГИНСКАЯ
733,1,Республика_Адыгея,,Giaginskiy,882d55c1e9fffff,GIAGINSKAYA,ГИАГИНСКАЯ
734,1,Республика_Адыгея,,Giaginskiy,882d55c147fffff,GIAGINSKAYA,ГИАГИНСКАЯ
735,1,Республика_Адыгея,,Giaginskiy,882d55509dfffff,GIAGINSKAYA,ГИАГИНСКАЯ
736,1,Республика_Адыгея,,Giaginskiy,882d55d995fffff,GIAGINSKAYA,ГИАГИНСКАЯ
737,1,Республика_Адыгея,,Giaginskiy,882d55c801fffff,GIAGINSKAYA,ГИАГИНСКАЯ
738,1,Республика_Адыгея,,Giaginskiy,882d555335fffff,GIAGINSKAYA,ГИАГИНСКАЯ
739,1,Республика_Адыгея,,Giaginskiy,882d55cad3fffff,GIAGINSKAYA,ГИАГИНСКАЯ
740,1,Республика_Адыгея,,Giaginskiy,882d55c96bfffff,GIAGINSKAYA,ГИАГИНСКАЯ
741,1,Республика_Адыгея,,Giaginskiy,882d55525dfffff,GIAGINSKAYA,ГИАГИНСКАЯ
742,1,Республика_Адыгея,,Giaginskiy,882d555719fffff,GIAGINSKAYA,ГИАГИНСКАЯ
743,1,Республика_Адыгея,,Giaginskiy,882d55522bfffff,GIAGINSKAYA,ГИАГИНСКАЯ
744,1,Республика_Адыгея,,Giaginskiy,882d55d821fffff,GIAGINSKAYA,ГИАГИНСКАЯ
745,1,Республика_Адыгея,,Giaginskiy,882d55c983fffff,GIAGINSKAYA,ГИАГИНСКАЯ
746,1,Республика_Адыгея,,Giaginskiy,882d555267fffff,GIAGINSKAYA,ГИАГИНСКАЯ
747,1,Республика_Адыгея,,Giaginskiy,882d55c9d9fffff,GIAGINSKAYA,ГИАГИНСКАЯ
748,1,Республика_Адыгея,,Giaginskiy,882d5552e3fffff,GIAGINSKAYA,ГИАГИНСКАЯ
749,1,Республика_Адыгея,,Giaginskiy,882d55c861fffff,GIAGINSKAYA,ГИАГИНСКАЯ
750,1,Республика_Адыгея,,Giaginskiy,882d55ce3dfffff,GIAGINSKAYA,ГИАГИНСКАЯ
751,1,Республика_Адыгея,,Giaginskiy,882d55c8ebfffff,GIAGINSKAYA,ГИАГИНСКАЯ
752,1,Республика_Адыгея,,Giaginskiy,882d55c1a1fffff,GIAGINSKAYA,ГИАГИНСКАЯ
753,1,Республика_Адыгея,,Giaginskiy,882d555221fffff,GIAGINSKAYA,ГИАГИНСКАЯ
754,1,Республика_Адыгея,,Giaginskiy,882d55c933fffff,GIAGINSKAYA,ГИАГИНСКАЯ
755,1,Республика_Адыгея,,Giaginskiy,882d55c33bfffff,GIAGINSKAYA,ГИАГИНСКАЯ
756,1,Республика_Адыгея,,Giaginskiy,882d55531dfffff,GIAGINSKAYA,ГИАГИНСКАЯ
757,1,Республика_Адыгея,,Giaginskiy,882d55ca49fffff,GIAGINSKAYA,ГИАГИНСКАЯ
758,1,Республика_Адыгея,,Giaginskiy,882d55cd4dfffff,GIAGINSKAYA,ГИАГИНСКАЯ
759,1,Республика_Адыгея,,Giaginskiy,882d55c8a9fffff,GIAGINSKAYA,ГИАГИНСКАЯ
760,1,Республика_Адыгея,,Giaginskiy,882d55ca13fffff,GIAGINSKAYA,ГИАГИНСКАЯ
761,1,Республика_Адыгея,,Giaginskiy,882d55d83bfffff,GIAGINSKAYA,ГИАГИНСКАЯ
762,1,Республика_Адыгея,,Giaginskiy,882d55cc29fffff,GIAGINSKAYA,ГИАГИНСКАЯ
763,1,Республика_Адыгея,,Giaginskiy,882d55c8b3fffff,GIAGINSKAYA,ГИАГИНСКАЯ
764,1,Республика_Адыгея,,Giaginskiy,882d55cadbfffff,GIAGINSKAYA,ГИАГИНСКАЯ
765,1,Республика_Адыгея,,Giaginskiy,882d55c8edfffff,GIAGINSKAYA,ГИАГИНСКАЯ
766,1,Республика_Адыгея,,Giaginskiy,882d55c363fffff,GIAGINSKAYA,ГИАГИНСКАЯ
767,1,Республика_Адыгея,,Giaginskiy,882d55c36dfffff,GIAGINSKAYA,ГИАГИНСКАЯ
768,1,Республика_Адыгея,,Giaginskiy,882d55535bfffff,GIAGINSKAYA,ГИАГИНСКАЯ
769,1,Республика_Адыгея,,Giaginskiy,882d55c151fffff,GIAGINSKAYA,ГИАГИНСКАЯ
770,1,Республика_Адыгея,,Giaginskiy,882d55c9e1fffff,GIAGINSKAYA,ГИАГИНСКАЯ
771,1,Республика_Адыгея,,Giaginskiy,882d55ce2dfffff,GIAGINSKAYA,ГИАГИНСКАЯ
772,1,Республика_Адыгея,,Giaginskiy,882d5551cdfffff,GIAGINSKAYA,ГИАГИНСКАЯ
773,1,Республика_Адыгея,,Giaginskiy,882d555103fffff,GIAGINSKAYA,ГИАГИНСКАЯ
774,1,Республика_Адыгея,,Giaginskiy,882d55c06bfffff,GIAGINSKAYA,ГИАГИНСКАЯ
775,1,Республика_Адыгея,,Giaginskiy,882d55c1b9fffff,GIAGINSKAYA,ГИАГИНСКАЯ
776,1,Республика_Адыгея,,Giaginskiy,882d55c1c5fffff,GIAGINSKAYA,ГИАГИНСКАЯ
777,1,Республика_Адыгея,,Giaginskiy,882d55c32bfffff,GIAGINSKAYA,ГИАГИНСКАЯ
778,1,Республика_Адыгея,,Giaginskiy,882d55cd6dfffff,GIAGINSKAYA,ГИАГИНСКАЯ
779,1,Республика_Адыгея,,Giaginskiy,882d55c111fffff,GIAGINSKAYA,ГИАГИНСКАЯ
780,1,Республика_Адыгея,,Giaginskiy,882d55c9c7fffff,GIAGINSKAYA,ГИАГИНСКАЯ
781,1,Республика_Адыгея,,Giaginskiy,882d55c947fffff,GIAGINSKAYA,ГИАГИНСКАЯ
782,1,Республика_Адыгея,,Giaginskiy,882d55c88dfffff,GIAGINSKAYA,ГИАГИНСКАЯ
783,1,Республика_Адыгея,,Giaginskiy,882d55533bfffff,GIAGINSKAYA,ГИАГИНСКАЯ
784,1,Республика_Адыгея,,Giaginskiy,882d55cdedfffff,GIAGINSKAYA,ГИАГИНСКАЯ
785,1,Республика_Адыгея,,Giaginskiy,882d55cc33fffff,GIAGINSKAYA,ГИАГИНСКАЯ
786,1,Республика_Адыгея,,Giaginskiy,882d55ca61fffff,GIAGINSKAYA,ГИАГИНСКАЯ
787,1,Республика_Адыгея,,Giaginskiy,882d55cb4bfffff,GIAGINSKAYA,ГИАГИНСКАЯ
788,1,Республика_Адыгея,,Giaginskiy,882d55c02dfffff,GIAGINSKAYA,ГИАГИНСКАЯ
789,1,Республика_Адыгея,,Giaginskiy,882d55c833fffff,GIAGINSKAYA,ГИАГИНСКАЯ
790,1,Республика_Адыгея,,Giaginskiy,882d5552d7fffff,GIAGINSKAYA,ГИАГИНСКАЯ
791,1,Республика_Адыгея,,Giaginskiy,882d55d98bfffff,GIAGINSKAYA,ГИАГИНСКАЯ
792,1,Республика_Адыгея,,Giaginskiy,882d55c04bfffff,GIAGINSKAYA,ГИАГИНСКАЯ
793,1,Республика_Адыгея,,Giaginskiy,882d5552c5fffff,GIAGINSKAYA,ГИАГИНСКАЯ
794,1,Республика_Адыгея,,Giaginskiy,882d55c325fffff,GIAGINSKAYA,ГИАГИНСКАЯ
795,1,Республика_Адыгея,,Giaginskiy,882d555101fffff,GIAGINSKAYA,ГИАГИНСКАЯ
796,1,Республика_Адыгея,,Giaginskiy,882d5550c7fffff,GIAGINSKAYA,ГИАГИНСКАЯ
797,1,Республика_Адыгея,,Giaginskiy,882d55c121fffff,GIAGINSKAYA,ГИАГИНСКАЯ
798,1,Республика_Адыгея,,Giaginskiy,882d55520dfffff,GIAGINSKAYA,ГИАГИНСКАЯ
799,1,Республика_Адыгея,,Giaginskiy,882d5552c1fffff,GIAGINSKAYA,ГИАГИНСКАЯ
800,1,Республика_Адыгея,,Giaginskiy,882d5552cdfffff,GIAGINSKAYA,ГИАГИНСКАЯ
801,1,Республика_Адыгея,,Giaginskiy,882d55cda3fffff,GIAGINSKAYA,ГИАГИНСКАЯ
802,1,Республика_Адыгея,,Giaginskiy,882d55c009fffff,GIAGINSKAYA,ГИАГИНСКАЯ
803,1,Республика_Адыгея,,Giaginskiy,882d55c153fffff,GIAGINSKAYA,ГИАГИНСКАЯ
804,1,Республика_Адыгея,,Giaginskiy,882d55d8c3fffff,GIAGINSKAYA,ГИАГИНСКАЯ
805,1,Республика_Адыгея,,Giaginskiy,882d55ce01fffff,GIAGINSKAYA,ГИАГИНСКАЯ
806,1,Республика_Адыгея,,Giaginskiy,882d55d8e3fffff,GIAGINSKAYA,ГИАГИНСКАЯ
807,1,Республика_Адыгея,,Giaginskiy,882d55cdbbfffff,GIAGINSKAYA,ГИАГИНСКАЯ
808,1,Республика_Адыгея,,Giaginskiy,882d55cf6bfffff,GIAGINSKAYA,ГИАГИНСКАЯ
809,1,Республика_Адыгея,,Giaginskiy,882d55c307fffff,GIAGINSKAYA,ГИАГИНСКАЯ
810,1,Республика_Адыгея,,Giaginskiy,882d55cf45fffff,GIAGINSKAYA,ГИАГИНСКАЯ
811,1,Республика_Адыгея,,Giaginskiy,882d555309fffff,GIAGINSKAYA,ГИАГИНСКАЯ
812,1,Республика_Адыгея,,Giaginskiy,882d55c863fffff,GIAGINSKAYA,ГИАГИНСКАЯ
813,1,Республика_Адыгея,,Giaginskiy,882d55c1b5fffff,GIAGINSKAYA,ГИАГИНСКАЯ
814,1,Республика_Адыгея,,Giaginskiy,882d55cc65fffff,GIAGINSKAYA,ГИАГИНСКАЯ
815,1,Республика_Адыгея,,Giaginskiy,882d55d9d1fffff,GIAGINSKAYA,ГИАГИНСКАЯ
816,1,Республика_Адыгея,,Giaginskiy,882d55cf61fffff,GIAGINSKAYA,ГИАГИНСКАЯ
817,1,Республика_Адыгея,,Giaginskiy,882d555337fffff,GIAGINSKAYA,ГИАГИНСКАЯ
818,1,Республика_Адыгея,,Giaginskiy,882d55cc6dfffff,GIAGINSKAYA,ГИАГИНСКАЯ
819,1,Республика_Адыгея,,Giaginskiy,882d55c1c3fffff,GIAGINSKAYA,ГИАГИНСКАЯ
820,1,Республика_Адыгея,,Giaginskiy,882d55c309fffff,GIAGINSKAYA,ГИАГИНСКАЯ
821,1,Республика_Адыгея,,Giaginskiy,882d55c047fffff,GIAGINSKAYA,ГИАГИНСКАЯ
822,1,Республика_Адыгея,,Giaginskiy,882d55c8ddfffff,GIAGINSKAYA,ГИАГИНСКАЯ
823,1,Республика_Адыгея,,Giaginskiy,882d5552c9fffff,GIAGINSKAYA,ГИАГИНСКАЯ
824,1,Республика_Адыгея,,Giaginskiy,882d55c85bfffff,GIAGINSKAYA,ГИАГИНСКАЯ
825,1,Республика_Адыгея,,Giaginskiy,882d55424dfffff,GIAGINSKAYA,ГИАГИНСКАЯ
826,1,Республика_Адыгея,,Giaginskiy,882d5426dbfffff,GIAGINSKAYA,ГИАГИНСКАЯ
827,1,Республика_Адыгея,,Giaginskiy,882d5426cdfffff,GIAGINSKAYA,ГИАГИНСКАЯ
828,1,Республика_Адыгея,,Giaginskiy,882d5551e3fffff,GIAGINSKAYA,ГИАГИНСКАЯ
829,1,Республика_Адыгея,,Giaginskiy,882d55c1ddfffff,GIAGINSKAYA,ГИАГИНСКАЯ
830,1,Республика_Адыгея,,Giaginskiy,882d55cf09fffff,GIAGINSKAYA,ГИАГИНСКАЯ
831,1,Республика_Адыгея,,Giaginskiy,882d55d8b1fffff,GIAGINSKAYA,ГИАГИНСКАЯ
832,1,Республика_Адыгея,,Giaginskiy,882d55502dfffff,GIAGINSKAYA,ГИАГИНСКАЯ
833,1,Республика_Адыгея,,Giaginskiy,882d555229fffff,GIAGINSKAYA,ГИАГИНСКАЯ
834,1,Республика_Адыгея,,Giaginskiy,882d555037fffff,GIAGINSKAYA,ГИАГИНСКАЯ
835,1,Республика_Адыгея,,Giaginskiy,882d55c8cbfffff,GIAGINSKAYA,ГИАГИНСКАЯ
836,1,Республика_Адыгея,,Giaginskiy,882d555269fffff,GIAGINSKAYA,ГИАГИНСКАЯ
837,1,Республика_Адыгея,,Giaginskiy,882d5550a3fffff,GIAGINSKAYA,ГИАГИНСКАЯ
838,1,Республика_Адыгея,,Giaginskiy,882d55c83dfffff,GIAGINSKAYA,ГИАГИНСКАЯ
839,1,Республика_Адыгея,,Giaginskiy,882d555001fffff,GIAGINSKAYA,ГИАГИНСКАЯ
840,1,Республика_Адыгея,,Giaginskiy,882d5552e5fffff,GIAGINSKAYA,ГИАГИНСКАЯ
841,1,Республика_Адыгея,,Giaginskiy,882d55ca65fffff,GIAGINSKAYA,ГИАГИНСКАЯ
842,1,Республика_Адыгея,,Giaginskiy,882d55c9adfffff,GIAGINSKAYA,ГИАГИНСКАЯ
843,1,Республика_Адыгея,,Giaginskiy,882d55529dfffff,GIAGINSKAYA,ГИАГИНСКАЯ
844,1,Республика_Адыгея,,Giaginskiy,882d55cdcdfffff,GIAGINSKAYA,ГИАГИНСКАЯ
845,1,Республика_Адыгея,,Giaginskiy,882d55ce0dfffff,GIAGINSKAYA,ГИАГИНСКАЯ
846,1,Республика_Адыгея,,Giaginskiy,882d55c809fffff,GIAGINSKAYA,ГИАГИНСКАЯ
847,1,Республика_Адыгея,,Giaginskiy,882d55d983fffff,GIAGINSKAYA,ГИАГИНСКАЯ
848,1,Республика_Адыгея,,Giaginskiy,882d55cdd1fffff,GIAGINSKAYA,ГИАГИНСКАЯ
849,1,Республика_Адыгея,,Giaginskiy,882d55ca37fffff,GIAGINSKAYA,ГИАГИНСКАЯ
850,1,Республика_Адыгея,,Giaginskiy,882d55da9bfffff,GIAGINSKAYA,ГИАГИНСКАЯ
851,1,Республика_Адыгея,,Giaginskiy,882d55d887fffff,GIAGINSKAYA,ГИАГИНСКАЯ
852,1,Республика_Адыгея,,Giaginskiy,882d55cdb1fffff,GIAGINSKAYA,ГИАГИНСКАЯ
853,1,Республика_Адыгея,,Giaginskiy,882d55cdd5fffff,GIAGINSKAYA,ГИАГИНСКАЯ
854,1,Республика_Адыгея,,Giaginskiy,882d55d9c9fffff,GIAGINSKAYA,ГИАГИНСКАЯ
855,1,Республика_Адыгея,,Giaginskiy,882d55c059fffff,GIAGINSKAYA,ГИАГИНСКАЯ
856,1,Республика_Адыгея,,Giaginskiy,882d55c1d1fffff,GIAGINSKAYA,ГИАГИНСКАЯ
857,1,Республика_Адыгея,,Giaginskiy,882d55c069fffff,GIAGINSKAYA,ГИАГИНСКАЯ
858,1,Республика_Адыгея,,Giaginskiy,882d55d8d5fffff,GIAGINSKAYA,ГИАГИНСКАЯ
859,1,Республика_Адыгея,,Giaginskiy,882d55cd85fffff,GIAGINSKAYA,ГИАГИНСКАЯ
860,1,Республика_Адыгея,,Giaginskiy,882d555035fffff,GIAGINSKAYA,ГИАГИНСКАЯ
861,1,Республика_Адыгея,,Giaginskiy,882d55501bfffff,GIAGINSKAYA,ГИАГИНСКАЯ
862,1,Республика_Адыгея,,Giaginskiy,882d55cc21fffff,GIAGINSKAYA,ГИАГИНСКАЯ
863,1,Республика_Адыгея,,Giaginskiy,882d55cb59fffff,GIAGINSKAYA,ГИАГИНСКАЯ
864,1,Республика_Адыгея,,Giaginskiy,882d5550cbfffff,GIAGINSKAYA,ГИАГИНСКАЯ
865,1,Республика_Адыгея,,Giaginskiy,882d55cb51fffff,GIAGINSKAYA,ГИАГИНСКАЯ
866,1,Республика_Адыгея,,Giaginskiy,882d554241fffff,GIAGINSKAYA,ГИАГИНСКАЯ
867,1,Республика_Адыгея,,Giaginskiy,882d555201fffff,GIAGINSKAYA,ГИАГИНСКАЯ
868,1,Республика_Адыгея,,Giaginskiy,882d55c907fffff,GIAGINSKAYA,ГИАГИНСКАЯ
869,1,Республика_Адыгея,,Giaginskiy,882d55ce61fffff,GIAGINSKAYA,ГИАГИНСКАЯ
870,1,Республика_Адыгея,,Giaginskiy,882d55500bfffff,GIAGINSKAYA,ГИАГИНСКАЯ
871,1,Республика_Адыгея,,Giaginskiy,882d555355fffff,GIAGINSKAYA,ГИАГИНСКАЯ
872,1,Республика_Адыгея,,Giaginskiy,882d542611fffff,GIAGINSKAYA,ГИАГИНСКАЯ
873,1,Республика_Адыгея,,Giaginskiy,882d55d989fffff,GIAGINSKAYA,ГИАГИНСКАЯ
874,1,Республика_Адыгея,,Giaginskiy,882d5552a5fffff,GIAGINSKAYA,ГИАГИНСКАЯ
875,1,Республика_Адыгея,,Giaginskiy,882d55c839fffff,GIAGINSKAYA,ГИАГИНСКАЯ
876,1,Республика_Адыгея,,Giaginskiy,882d55cacdfffff,GIAGINSKAYA,ГИАГИНСКАЯ
877,1,Республика_Адыгея,,Giaginskiy,882d55518bfffff,GIAGINSKAYA,ГИАГИНСКАЯ
878,1,Республика_Адыгея,,Giaginskiy,882d5551d9fffff,GIAGINSKAYA,ГИАГИНСКАЯ
879,1,Республика_Адыгея,,Giaginskiy,882d55cb31fffff,GIAGINSKAYA,ГИАГИНСКАЯ
880,1,Республика_Адыгея,,Giaginskiy,882d55ca5dfffff,GIAGINSKAYA,ГИАГИНСКАЯ
881,1,Республика_Адыгея,,Giaginskiy,882d55c811fffff,GIAGINSKAYA,ГИАГИНСКАЯ
882,1,Республика_Адыгея,,Giaginskiy,882d5426cbfffff,GIAGINSKAYA,ГИАГИНСКАЯ
883,1,Республика_Адыгея,,Giaginskiy,882d55511dfffff,GIAGINSKAYA,ГИАГИНСКАЯ
884,1,Республика_Адыгея,,Giaginskiy,882d55c8bdfffff,GIAGINSKAYA,ГИАГИНСКАЯ
885,1,Республика_Адыгея,,Giaginskiy,882d5426d9fffff,GIAGINSKAYA,ГИАГИНСКАЯ
886,1,Республика_Адыгея,,Giaginskiy,882d55c843fffff,GIAGINSKAYA,ГИАГИНСКАЯ
887,1,Республика_Адыгея,,Giaginskiy,882d55d823fffff,GIAGINSKAYA,ГИАГИНСКАЯ
888,1,Республика_Адыгея,,Giaginskiy,882d55cd67fffff,GIAGINSKAYA,ГИАГИНСКАЯ
889,1,Республика_Адыгея,,Giaginskiy,882d55cb3bfffff,GIAGINSKAYA,ГИАГИНСКАЯ
890,1,Республика_Адыгея,,Giaginskiy,882d55d9b9fffff,GIAGINSKAYA,ГИАГИНСКАЯ
891,1,Республика_Адыгея,,Giaginskiy,882d55c341fffff,GIAGINSKAYA,ГИАГИНСКАЯ
892,1,Республика_Адыгея,,Giaginskiy,882d55cd35fffff,GIAGINSKAYA,ГИАГИНСКАЯ
893,1,Республика_Адыгея,,Giaginskiy,882d55cdd7fffff,GIAGINSKAYA,ГИАГИНСКАЯ
894,1,Республика_Адыгея,,Giaginskiy,882d55c055fffff,GIAGINSKAYA,ГИАГИНСКАЯ
895,1,Республика_Адыгея,,Giaginskiy,882d55c9dbfffff,GIAGINSKAYA,ГИАГИНСКАЯ
896,1,Республика_Адыгея,,Giaginskiy,882d55dab7fffff,GIAGINSKAYA,ГИАГИНСКАЯ
897,1,Республика_Адыгея,,Giaginskiy,882d55daa3fffff,GIAGINSKAYA,ГИАГИНСКАЯ
898,1,Республика_Адыгея,,Giaginskiy,882d55c0a7fffff,GIAGINSKAYA,ГИАГИНСКАЯ
899,1,Республика_Адыгея,,Giaginskiy,882d555295fffff,GIAGINSKAYA,ГИАГИНСКАЯ
900,1,Республика_Адыгея,,Giaginskiy,882d55ca4dfffff,GIAGINSKAYA,ГИАГИНСКАЯ
901,1,Республика_Адыгея,,Giaginskiy,882d555189fffff,GIAGINSKAYA,ГИАГИНСКАЯ
902,1,Республика_Адыгея,,Giaginskiy,882d5550e3fffff,GIAGINSKAYA,ГИАГИНСКАЯ
903,1,Республика_Адыгея,,Giaginskiy,882d55cae7fffff,GIAGINSKAYA,ГИАГИНСКАЯ
904,1,Республика_Адыгея,,Giaginskiy,882d55ca85fffff,GIAGINSKAYA,ГИАГИНСКАЯ
905,1,Республика_Адыгея,,Giaginskiy,882d55c005fffff,GIAGINSKAYA,ГИАГИНСКАЯ
906,1,Республика_Адыгея,,Giaginskiy,882d55da93fffff,GIAGINSKAYA,ГИАГИНСКАЯ
907,1,Республика_Адыгея,,Giaginskiy,882d55cd83fffff,GIAGINSKAYA,ГИАГИНСКАЯ
908,1,Республика_Адыгея,,Giaginskiy,882d55c14bfffff,GIAGINSKAYA,ГИАГИНСКАЯ
909,1,Республика_Адыгея,,Giaginskiy,882d55c1b7fffff,GIAGINSKAYA,ГИАГИНСКАЯ
910,1,Республика_Адыгея,,Giaginskiy,882d55d91bfffff,GIAGINSKAYA,ГИАГИНСКАЯ
911,1,Республика_Адыгея,,Giaginskiy,882d555019fffff,GIAGINSKAYA,ГИАГИНСКАЯ
912,1,Республика_Адыгея,,Giaginskiy,882d555185fffff,GIAGINSKAYA,ГИАГИНСКАЯ
913,1,Республика_Адыгея,,Giaginskiy,882d55c1e3fffff,GIAGINSKAYA,ГИАГИНСКАЯ
914,1,Республика_Адыгея,,Giaginskiy,882d55cb13fffff,GIAGINSKAYA,ГИАГИНСКАЯ
915,1,Республика_Адыгея,,Giaginskiy,882d55576dfffff,GIAGINSKAYA,ГИАГИНСКАЯ
916,1,Республика_Адыгея,,Giaginskiy,882d55cd89fffff,GIAGINSKAYA,ГИАГИНСКАЯ
917,1,Республика_Адыгея,,Giaginskiy,882d55c8d1fffff,GIAGINSKAYA,ГИАГИНСКАЯ
918,1,Республика_Адыгея,,Giaginskiy,882d55c1ebfffff,GIAGINSKAYA,ГИАГИНСКАЯ
919,1,Республика_Адыгея,,Giaginskiy,882d55571dfffff,GIAGINSKAYA,ГИАГИНСКАЯ
920,1,Республика_Адыгея,,Giaginskiy,882d55d8b7fffff,GIAGINSKAYA,ГИАГИНСКАЯ
921,1,Республика_Адыгея,,Giaginskiy,882d55d9b5fffff,GIAGINSKAYA,ГИАГИНСКАЯ
922,1,Республика_Адыгея,,Giaginskiy,882d555061fffff,GIAGINSKAYA,ГИАГИНСКАЯ
923,1,Республика_Адыгея,,Giaginskiy,882d55c185fffff,GIAGINSKAYA,ГИАГИНСКАЯ
924,1,Республика_Адыгея,,Giaginskiy,882d55c813fffff,GIAGINSKAYA,ГИАГИНСКАЯ
925,1,Республика_Адыгея,,Giaginskiy,882d555253fffff,GIAGINSKAYA,ГИАГИНСКАЯ
926,1,Республика_Адыгея,,Giaginskiy,882d55c143fffff,GIAGINSKAYA,ГИАГИНСКАЯ
927,1,Республика_Адыгея,,Giaginskiy,882d55ce69fffff,GIAGINSKAYA,ГИАГИНСКАЯ
928,1,Республика_Адыгея,,Giaginskiy,882d55c951fffff,GIAGINSKAYA,ГИАГИНСКАЯ
929,1,Республика_Адыгея,,Giaginskiy,882d55c9e5fffff,GIAGINSKAYA,ГИАГИНСКАЯ
930,1,Республика_Адыгея,,Giaginskiy,882d55c807fffff,GIAGINSKAYA,ГИАГИНСКАЯ
931,1,Республика_Адыгея,,Giaginskiy,882d55cdc1fffff,GIAGINSKAYA,ГИАГИНСКАЯ
932,1,Республика_Адыгея,,Giaginskiy,882d5552e7fffff,GIAGINSKAYA,ГИАГИНСКАЯ
933,1,Республика_Адыгея,,Giaginskiy,882d55cc37fffff,GIAGINSKAYA,ГИАГИНСКАЯ
934,1,Республика_Адыгея,,Giaginskiy,882d55cf1bfffff,GIAGINSKAYA,ГИАГИНСКАЯ
935,1,Республика_Адыгея,,Giaginskiy,882d555065fffff,GIAGINSKAYA,ГИАГИНСКАЯ
936,1,Республика_Адыгея,,Giaginskiy,882d55510bfffff,GIAGINSKAYA,ГИАГИНСКАЯ
937,1,Республика_Адыгея,,Giaginskiy,882d55506bfffff,GIAGINSKAYA,ГИАГИНСКАЯ
938,1,Республика_Адыгея,,Giaginskiy,882d55c94bfffff,GIAGINSKAYA,ГИАГИНСКАЯ
939,1,Республика_Адыгея,,Giaginskiy,882d55c155fffff,GIAGINSKAYA,ГИАГИНСКАЯ
940,1,Республика_Адыгея,,Giaginskiy,882d55c98bfffff,GIAGINSKAYA,ГИАГИНСКАЯ
941,1,Республика_Адыгея,,Giaginskiy,882d55cc31fffff,GIAGINSKAYA,ГИАГИНСКАЯ
942,1,Республика_Адыгея,,Giaginskiy,882d55c941fffff,GIAGINSKAYA,ГИАГИНСКАЯ
943,1,Республика_Адыгея,,Giaginskiy,882d55c1b1fffff,GIAGINSKAYA,ГИАГИНСКАЯ
944,1,Республика_Адыгея,,Giaginskiy,882d55c831fffff,GIAGINSKAYA,ГИАГИНСКАЯ
945,1,Республика_Адыгея,,Giaginskiy,882d55c023fffff,GIAGINSKAYA,ГИАГИНСКАЯ
946,1,Республика_Адыгея,,Giaginskiy,882d55531bfffff,GIAGINSKAYA,ГИАГИНСКАЯ
947,1,Республика_Адыгея,,Giaginskiy,882d5551bdfffff,GIAGINSKAYA,ГИАГИНСКАЯ
948,1,Республика_Адыгея,,Giaginskiy,882d55d81bfffff,GIAGINSKAYA,ГИАГИНСКАЯ
949,1,Республика_Адыгея,,Giaginskiy,882d55ce21fffff,GIAGINSKAYA,ГИАГИНСКАЯ
950,1,Республика_Адыгея,,Giaginskiy,882d55cc01fffff,GIAGINSKAYA,ГИАГИНСКАЯ
951,1,Республика_Адыгея,,Giaginskiy,882d55c9d1fffff,GIAGINSKAYA,ГИАГИНСКАЯ
952,1,Республика_Адыгея,,Giaginskiy,882d5550cdfffff,GIAGINSKAYA,ГИАГИНСКАЯ
953,1,Республика_Адыгея,,Giaginskiy,882d55c101fffff,GIAGINSKAYA,ГИАГИНСКАЯ
954,1,Республика_Адыгея,,Giaginskiy,882d55ca2bfffff,GIAGINSKAYA,ГИАГИНСКАЯ
955,1,Республика_Адыгея,,Giaginskiy,882d555009fffff,GIAGINSKAYA,ГИАГИНСКАЯ
956,1,Республика_Адыгея,,Giaginskiy,882d555069fffff,GIAGINSKAYA,ГИАГИНСКАЯ
957,1,Республика_Адыгея,,Giaginskiy,882d55c823fffff,GIAGINSKAYA,ГИАГИНСКАЯ
958,1,Республика_Адыгея,,Giaginskiy,882d5552edfffff,GIAGINSKAYA,ГИАГИНСКАЯ
959,1,Республика_Адыгея,,Giaginskiy,882d55c347fffff,GIAGINSKAYA,ГИАГИНСКАЯ
960,1,Республика_Адыгея,,Giaginskiy,882d55cf41fffff,GIAGINSKAYA,ГИАГИНСКАЯ
961,1,Республика_Адыгея,,Giaginskiy,882d55c9c9fffff,GIAGINSKAYA,ГИАГИНСКАЯ
962,1,Республика_Адыгея,,Giaginskiy,882d55d9ebfffff,GIAGINSKAYA,ГИАГИНСКАЯ
963,1,Республика_Адыгея,,Giaginskiy,882d55d88bfffff,GIAGINSKAYA,ГИАГИНСКАЯ
964,1,Республика_Адыгея,,Giaginskiy,882d5551e1fffff,GIAGINSKAYA,ГИАГИНСКАЯ
965,1,Республика_Адыгея,,Giaginskiy,882d55c82dfffff,GIAGINSKAYA,ГИАГИНСКАЯ
966,1,Республика_Адыгея,,Giaginskiy,882d55c30dfffff,GIAGINSKAYA,ГИАГИНСКАЯ
967,1,Республика_Адыгея,,Giaginskiy,882d55c323fffff,GIAGINSKAYA,ГИАГИНСКАЯ
968,1,Республика_Адыгея,,Giaginskiy,882d55cb37fffff,GIAGINSKAYA,ГИАГИНСКАЯ
969,1,Республика_Адыгея,,Giaginskiy,882d55cdb3fffff,GIAGINSKAYA,ГИАГИНСКАЯ
970,1,Республика_Адыгея,,Giaginskiy,882d5551a7fffff,GIAGINSKAYA,ГИАГИНСКАЯ
971,1,Республика_Адыгея,,Giaginskiy,882d55c117fffff,GIAGINSKAYA,ГИАГИНСКАЯ
972,1,Республика_Адыгея,,Giaginskiy,882d55d8b9fffff,GIAGINSKAYA,ГИАГИНСКАЯ
973,1,Республика_Адыгея,,Giaginskiy,882d555249fffff,GIAGINSKAYA,ГИАГИНСКАЯ
974,1,Республика_Адыгея,,Giaginskiy,882d55c13dfffff,GIAGINSKAYA,ГИАГИНСКАЯ
975,1,Республика_Адыгея,,Giaginskiy,882d55d911fffff,GIAGINSKAYA,ГИАГИНСКАЯ
976,1,Республика_Адыгея,,Giaginskiy,882d55d985fffff,GIAGINSKAYA,ГИАГИНСКАЯ
977,1,Республика_Адыгея,,Giaginskiy,882d55cd3dfffff,GIAGINSKAYA,ГИАГИНСКАЯ
978,1,Республика_Адыгея,,Giaginskiy,882d55c161fffff,GIAGINSKAYA,ГИАГИНСКАЯ
979,1,Республика_Адыгея,,Giaginskiy,882d55ca63fffff,GIAGINSKAYA,ГИАГИНСКАЯ
980,1,Республика_Адыгея,,Giaginskiy,882d55c1abfffff,GIAGINSKAYA,ГИАГИНСКАЯ
981,1,Республика_Адыгея,,Giaginskiy,882d55cdc9fffff,GIAGINSKAYA,ГИАГИНСКАЯ
982,1,Республика_Адыгея,,Giaginskiy,882d55cb43fffff,GIAGINSKAYA,ГИАГИНСКАЯ
983,1,Республика_Адыгея,,Giaginskiy,882d55c233fffff,GIAGINSKAYA,ГИАГИНСКАЯ
984,1,Республика_Адыгея,,Giaginskiy,882d55cb09fffff,GIAGINSKAYA,ГИАГИНСКАЯ
985,1,Республика_Адыгея,,Giaginskiy,882d5552ddfffff,GIAGINSKAYA,ГИАГИНСКАЯ
986,1,Республика_Адыгея,,Giaginskiy,882d5550d3fffff,GIAGINSKAYA,ГИАГИНСКАЯ
987,1,Республика_Адыгея,,Giaginskiy,882d55c193fffff,GIAGINSKAYA,ГИАГИНСКАЯ
988,1,Республика_Адыгея,,Giaginskiy,882d55cc61fffff,GIAGINSKAYA,ГИАГИНСКАЯ
989,1,Республика_Адыгея,,Giaginskiy,882d55cf2dfffff,GIAGINSKAYA,ГИАГИНСКАЯ
990,1,Республика_Адыгея,,Giaginskiy,882d5550ddfffff,GIAGINSKAYA,ГИАГИНСКАЯ
991,1,Республика_Адыгея,,Giaginskiy,882d55c917fffff,GIAGINSKAYA,ГИАГИНСКАЯ
992,1,Республика_Адыгея,,Giaginskiy,882d5551adfffff,GIAGINSKAYA,ГИАГИНСКАЯ
993,1,Республика_Адыгея,,Giaginskiy,882d55c141fffff,GIAGINSKAYA,ГИАГИНСКАЯ
994,1,Республика_Адыгея,,Giaginskiy,882d55c9e9fffff,GIAGINSKAYA,ГИАГИНСКАЯ
995,1,Республика_Адыгея,,Giaginskiy,882d55d9a9fffff,GIAGINSKAYA,ГИАГИНСКАЯ
996,1,Республика_Адыгея,,Giaginskiy,882d55cd29fffff,GIAGINSKAYA,ГИАГИНСКАЯ
997,1,Республика_Адыгея,,Giaginskiy,882d5552b9fffff,GIAGINSKAYA,ГИАГИНСКАЯ
998,1,Республика_Адыгея,,Giaginskiy,882d55d8e9fffff,GIAGINSKAYA,ГИАГИНСКАЯ
999,1,Республика_Адыгея,,Giaginskiy,882d555049fffff,GIAGINSKAYA,ГИАГИНСКАЯ
1000,1,Республика_Адыгея,,Giaginskiy,882d55cb41fffff,GIAGINSKAYA,ГИАГИНСКАЯ
1001,1,Республика_Адыгея,,Giaginskiy,882d55c9a3fffff,GIAGINSKAYA,ГИАГИНСКАЯ
1002,1,Республика_Адыгея,,Giaginskiy,882d55ce67fffff,GIAGINSKAYA,ГИАГИНСКАЯ
1003,1,Республика_Адыгея,,Giaginskiy,882d555243fffff,GIAGINSKAYA,ГИАГИНСКАЯ
1004,1,Республика_Адыгея,,Giaginskiy,882d55cd2bfffff,GIAGINSKAYA,ГИАГИНСКАЯ
1005,1,Республика_Адыгея,,Giaginskiy,882d55cdcbfffff,GIAGINSKAYA,ГИАГИНСКАЯ
1006,1,Республика_Адыгея,,Giaginskiy,882d55534dfffff,GIAGINSKAYA,ГИАГИНСКАЯ
1007,1,Республика_Адыгея,,Giaginskiy,882d55daa7fffff,GIAGINSKAYA,ГИАГИНСКАЯ
1008,1,Республика_Адыгея,,Giaginskiy,882d55cd19fffff,GIAGINSKAYA,ГИАГИНСКАЯ
1009,1,Республика_Адыгея,,Giaginskiy,882d55c867fffff,GIAGINSKAYA,ГИАГИНСКАЯ
1010,1,Республика_Адыгея,,Giaginskiy,882d55502bfffff,GIAGINSKAYA,ГИАГИНСКАЯ
1011,1,Республика_Адыгея,,Giaginskiy,882d55c825fffff,GIAGINSKAYA,ГИАГИНСКАЯ
1012,1,Республика_Адыгея,,Giaginskiy,882d55c109fffff,GIAGINSKAYA,ГИАГИНСКАЯ
1013,1,Республика_Адыгея,,Giaginskiy,882d55c1d7fffff,GIAGINSKAYA,ГИАГИНСКАЯ
1014,1,Республика_Адыгея,,Giaginskiy,882d55cf37fffff,GIAGINSKAYA,ГИАГИНСКАЯ
1015,1,Республика_Адыгея,,Giaginskiy,882d55d9cdfffff,GIAGINSKAYA,ГИАГИНСКАЯ
1016,1,Республика_Адыгея,,Giaginskiy,882d55c065fffff,GIAGINSKAYA,ГИАГИНСКАЯ
1017,1,Республика_Адыгея,,Giaginskiy,882d55501dfffff,GIAGINSKAYA,ГИАГИНСКАЯ
1018,1,Республика_Адыгея,,Giaginskiy,882d55c1edfffff,GIAGINSKAYA,ГИАГИНСКАЯ
1019,1,Республика_Адыгея,,Giaginskiy,882d55cf35fffff,GIAGINSKAYA,ГИАГИНСКАЯ
1020,1,Республика_Адыгея,,Giaginskiy,882d55cdb7fffff,GIAGINSKAYA,ГИАГИНСКАЯ
1021,1,Республика_Адыгея,,Giaginskiy,882d55daa1fffff,GIAGINSKAYA,ГИАГИНСКАЯ
1022,1,Республика_Адыгея,,Giaginskiy,882d55dab1fffff,GIAGINSKAYA,ГИАГИНСКАЯ
1023,1,Республика_Адыгея,,Giaginskiy,882d55c365fffff,GIAGINSKAYA,ГИАГИНСКАЯ
1024,1,Республика_Адыгея,,Giaginskiy,882d55c829fffff,GIAGINSKAYA,ГИАГИНСКАЯ
1025,1,Республика_Адыгея,,Giaginskiy,882d55c1c1fffff,GIAGINSKAYA,ГИАГИНСКАЯ
1026,1,Республика_Адыгея,,Giaginskiy,882d55574dfffff,GIAGINSKAYA,ГИАГИНСКАЯ
1027,1,Республика_Адыгея,,Giaginskiy,882d55cf05fffff,GIAGINSKAYA,ГИАГИНСКАЯ
1028,1,Республика_Адыгея,,Giaginskiy,882d55c1d3fffff,GIAGINSKAYA,ГИАГИНСКАЯ
1029,1,Республика_Адыгея,,Giaginskiy,882d5551ebfffff,GIAGINSKAYA,ГИАГИНСКАЯ
1030,1,Республика_Адыгея,,Giaginskiy,882d55cb2bfffff,GIAGINSKAYA,ГИАГИНСКАЯ
1031,1,Республика_Адыгея,,Giaginskiy,882d55cb01fffff,GIAGINSKAYA,ГИАГИНСКАЯ
1032,1,Республика_Адыгея,,Giaginskiy,882d5550d1fffff,GIAGINSKAYA,ГИАГИНСКАЯ
1033,1,Республика_Адыгея,,Giaginskiy,882d55c05dfffff,GIAGINSKAYA,ГИАГИНСКАЯ
1034,1,Республика_Адыгея,,Giaginskiy,882d55c961fffff,GIAGINSKAYA,ГИАГИНСКАЯ
1035,1,Республика_Адыгея,,Giaginskiy,882d555349fffff,GIAGINSKAYA,ГИАГИНСКАЯ
1036,1,Республика_Адыгея,,Giaginskiy,882d55c891fffff,GIAGINSKAYA,ГИАГИНСКАЯ
1037,1,Республика_Адыгея,,Giaginskiy,882d55c8cdfffff,GIAGINSKAYA,ГИАГИНСКАЯ
1038,1,Республика_Адыгея,,Giaginskiy,882d55d997fffff,GIAGINSKAYA,ГИАГИНСКАЯ
1039,1,Республика_Адыгея,,Giaginskiy,882d5551dbfffff,GIAGINSKAYA,ГИАГИНСКАЯ
1040,1,Республика_Адыгея,,Giaginskiy,882d55cd8bfffff,GIAGINSKAYA,ГИАГИНСКАЯ
1041,1,Республика_Адыгея,,Giaginskiy,882d55cd15fffff,GIAGINSKAYA,ГИАГИНСКАЯ
1042,1,Республика_Адыгея,,Giaginskiy,882d55575bfffff,GIAGINSKAYA,ГИАГИНСКАЯ
1043,1,Республика_Адыгея,,Giaginskiy,882d555701fffff,GIAGINSKAYA,ГИАГИНСКАЯ
1044,1,Республика_Адыгея,,Giaginskiy,882d555319fffff,GIAGINSKAYA,ГИАГИНСКАЯ
1045,1,Республика_Адыгея,,Giaginskiy,882d55cd1bfffff,GIAGINSKAYA,ГИАГИНСКАЯ
1046,1,Республика_Адыгея,,Giaginskiy,882d55c19dfffff,GIAGINSKAYA,ГИАГИНСКАЯ
1047,1,Республика_Адыгея,,Giaginskiy,882d555357fffff,GIAGINSKAYA,ГИАГИНСКАЯ
1048,1,Республика_Адыгея,,Giaginskiy,882d5552d5fffff,GIAGINSKAYA,ГИАГИНСКАЯ
1049,1,Республика_Адыгея,,Giaginskiy,882d55cac7fffff,GIAGINSKAYA,ГИАГИНСКАЯ
1050,1,Республика_Адыгея,,Giaginskiy,882d55ca3dfffff,GIAGINSKAYA,ГИАГИНСКАЯ
1051,1,Республика_Адыгея,,Giaginskiy,882d55c1d9fffff,GIAGINSKAYA,ГИАГИНСКАЯ
1052,1,Республика_Адыгея,,Giaginskiy,882d5552dbfffff,GIAGINSKAYA,ГИАГИНСКАЯ
1053,1,Республика_Адыгея,,Giaginskiy,882d55c369fffff,GIAGINSKAYA,ГИАГИНСКАЯ
1054,1,Республика_Адыгея,,Giaginskiy,882d55cd51fffff,GIAGINSKAYA,ГИАГИНСКАЯ
1055,1,Республика_Адыгея,,Giaginskiy,882d55cc63fffff,GIAGINSKAYA,ГИАГИНСКАЯ
1056,1,Республика_Адыгея,,Giaginskiy,882d55ca0bfffff,GIAGINSKAYA,ГИАГИНСКАЯ
1057,1,Республика_Адыгея,,Giaginskiy,882d55c361fffff,GIAGINSKAYA,ГИАГИНСКАЯ
1058,1,Республика_Адыгея,,Giaginskiy,882d55c915fffff,GIAGINSKAYA,ГИАГИНСКАЯ
1059,1,Республика_Адыгея,,Giaginskiy,882d55c167fffff,GIAGINSKAYA,ГИАГИНСКАЯ
1060,1,Республика_Адыгея,,Giaginskiy,882d55c80bfffff,GIAGINSKAYA,ГИАГИНСКАЯ
1061,1,Республика_Адыгея,,Giaginskiy,882d55cabbfffff,GIAGINSKAYA,ГИАГИНСКАЯ
1062,1,Республика_Адыгея,,Giaginskiy,882d55ca6bfffff,GIAGINSKAYA,ГИАГИНСКАЯ
1063,1,Республика_Адыгея,,Giaginskiy,882d555265fffff,GIAGINSKAYA,ГИАГИНСКАЯ
1064,1,Республика_Адыгея,,Giaginskiy,882d55c9b9fffff,GIAGINSKAYA,ГИАГИНСКАЯ
1065,1,Республика_Адыгея,,Giaginskiy,882d55533dfffff,GIAGINSKAYA,ГИАГИНСКАЯ
1066,1,Республика_Адыгея,,Giaginskiy,882d55d883fffff,GIAGINSKAYA,ГИАГИНСКАЯ
1067,1,Республика_Адыгея,,Giaginskiy,882d55c90bfffff,GIAGINSKAYA,ГИАГИНСКАЯ
1068,1,Республика_Адыгея,,Giaginskiy,882d55c837fffff,GIAGINSKAYA,ГИАГИНСКАЯ
1069,1,Республика_Адыгея,,Giaginskiy,882d55d895fffff,GIAGINSKAYA,ГИАГИНСКАЯ
1070,1,Республика_Адыгея,,Giaginskiy,882d55c195fffff,GIAGINSKAYA,ГИАГИНСКАЯ
1071,1,Республика_Адыгея,,Giaginskiy,882d5551abfffff,GIAGINSKAYA,ГИАГИНСКАЯ
1072,1,Республика_Адыгея,,Giaginskiy,882d55cab7fffff,GIAGINSKAYA,ГИАГИНСКАЯ
1073,1,Республика_Адыгея,,Giaginskiy,882d55c8a3fffff,GIAGINSKAYA,ГИАГИНСКАЯ
1074,1,Республика_Адыгея,,Giaginskiy,882d55cb03fffff,GIAGINSKAYA,ГИАГИНСКАЯ
1075,1,Республика_Адыгея,,Giaginskiy,882d55cf5dfffff,GIAGINSKAYA,ГИАГИНСКАЯ
1076,1,Республика_Адыгея,,Giaginskiy,882d555219fffff,GIAGINSKAYA,ГИАГИНСКАЯ
1077,1,Республика_Адыгея,,Giaginskiy,882d55ca4bfffff,GIAGINSKAYA,ГИАГИНСКАЯ
1078,1,Республика_Адыгея,,Giaginskiy,882d55cae1fffff,GIAGINSKAYA,ГИАГИНСКАЯ
1079,1,Республика_Адыгея,,Giaginskiy,882d55cdddfffff,GIAGINSKAYA,ГИАГИНСКАЯ
1080,1,Республика_Адыгея,,Giaginskiy,882d555203fffff,GIAGINSKAYA,ГИАГИНСКАЯ
1081,1,Республика_Адыгея,,Giaginskiy,882d55c197fffff,GIAGINSKAYA,ГИАГИНСКАЯ
1082,1,Республика_Адыгея,,Giaginskiy,882d55ce6bfffff,GIAGINSKAYA,ГИАГИНСКАЯ
1083,1,Республика_Адыгея,,Giaginskiy,882d55ca2dfffff,GIAGINSKAYA,ГИАГИНСКАЯ
1084,1,Республика_Адыгея,,Giaginskiy,882d555297fffff,GIAGINSKAYA,ГИАГИНСКАЯ
1085,1,Республика_Адыгея,,Giaginskiy,882d55cd97fffff,GIAGINSKAYA,ГИАГИНСКАЯ
1086,1,Республика_Адыгея,,Giaginskiy,882d55ce47fffff,GIAGINSKAYA,ГИАГИНСКАЯ
1087,1,Республика_Адыгея,,Giaginskiy,882d55c8c3fffff,GIAGINSKAYA,ГИАГИНСКАЯ
1088,1,Республика_Адыгея,,Giaginskiy,882d55c1e7fffff,GIAGINSKAYA,ГИАГИНСКАЯ
1089,1,Республика_Адыгея,,Giaginskiy,882d5551a1fffff,GIAGINSKAYA,ГИАГИНСКАЯ
1090,1,Республика_Адыгея,,Giaginskiy,882d555293fffff,GIAGINSKAYA,ГИАГИНСКАЯ
1091,1,Республика_Адыгея,,Giaginskiy,882d55c18bfffff,GIAGINSKAYA,ГИАГИНСКАЯ
1092,1,Республика_Адыгея,,Giaginskiy,882d55504dfffff,GIAGINSKAYA,ГИАГИНСКАЯ
1093,1,Республика_Адыгея,,Giaginskiy,882d55ca8dfffff,GIAGINSKAYA,ГИАГИНСКАЯ
1094,1,Республика_Адыгея,,Giaginskiy,882d55cb19fffff,GIAGINSKAYA,ГИАГИНСКАЯ
1095,1,Республика_Адыгея,,Giaginskiy,882d55528bfffff,GIAGINSKAYA,ГИАГИНСКАЯ
1096,1,Республика_Адыгея,,Giaginskiy,882d55c1bbfffff,GIAGINSKAYA,ГИАГИНСКАЯ
1097,1,Республика_Адыгея,,Giaginskiy,882d55cf57fffff,GIAGINSKAYA,ГИАГИНСКАЯ
1098,1,Республика_Адыгея,,Giaginskiy,882d55cf53fffff,GIAGINSKAYA,ГИАГИНСКАЯ
1099,1,Республика_Адыгея,,Giaginskiy,882d55c943fffff,GIAGINSKAYA,ГИАГИНСКАЯ
1100,1,Республика_Адыгея,,Giaginskiy,882d55cf27fffff,GIAGINSKAYA,ГИАГИНСКАЯ
1101,1,Республика_Адыгея,,Giaginskiy,882d55c84dfffff,GIAGINSKAYA,ГИАГИНСКАЯ
1102,1,Республика_Адыгея,,Giaginskiy,882d55d8d7fffff,GIAGINSKAYA,ГИАГИНСКАЯ
1103,1,Республика_Адыгея,,Giaginskiy,882d55c15bfffff,GIAGINSKAYA,ГИАГИНСКАЯ
1104,1,Республика_Адыгея,,Giaginskiy,882d55cd59fffff,GIAGINSKAYA,ГИАГИНСКАЯ
1105,1,Республика_Адыгея,,Giaginskiy,882d55c805fffff,GIAGINSKAYA,ГИАГИНСКАЯ
1106,1,Республика_Адыгея,,Giaginskiy,882d55c1e1fffff,GIAGINSKAYA,ГИАГИНСКАЯ
1107,1,Республика_Адыгея,,Giaginskiy,882d55504bfffff,GIAGINSKAYA,ГИАГИНСКАЯ
1108,1,Республика_Адыгея,,Giaginskiy,882d55c91bfffff,GIAGINSKAYA,ГИАГИНСКАЯ
1109,1,Республика_Адыгея,,Giaginskiy,882d55ce0bfffff,GIAGINSKAYA,ГИАГИНСКАЯ
1110,1,Республика_Адыгея,,Giaginskiy,882d55cd87fffff,GIAGINSKAYA,ГИАГИНСКАЯ
1111,1,Республика_Адыгея,,Giaginskiy,882d55cd61fffff,GIAGINSKAYA,ГИАГИНСКАЯ
1112,1,Республика_Адыгея,,Giaginskiy,882d5550a5fffff,GIAGINSKAYA,ГИАГИНСКАЯ
1113,1,Республика_Адыгея,,Giaginskiy,882d55cd3bfffff,GIAGINSKAYA,ГИАГИНСКАЯ
1114,1,Республика_Адыгея,,Giaginskiy,882d55ce4bfffff,GIAGINSKAYA,ГИАГИНСКАЯ
1115,1,Республика_Адыгея,,Giaginskiy,882d55caddfffff,GIAGINSKAYA,ГИАГИНСКАЯ
1116,1,Республика_Адыгея,,Giaginskiy,882d55d8c1fffff,GIAGINSKAYA,ГИАГИНСКАЯ
1117,1,Республика_Адыгея,,Giaginskiy,882d55c333fffff,GIAGINSKAYA,ГИАГИНСКАЯ
1118,1,Республика_Адыгея,,Giaginskiy,882d5552c7fffff,GIAGINSKAYA,ГИАГИНСКАЯ
1119,1,Республика_Адыгея,,Giaginskiy,882d55c921fffff,GIAGINSKAYA,ГИАГИНСКАЯ
1120,1,Республика_Адыгея,,Giaginskiy,882d55cd93fffff,GIAGINSKAYA,ГИАГИНСКАЯ
1121,1,Республика_Адыгея,,Giaginskiy,882d555013fffff,GIAGINSKAYA,ГИАГИНСКАЯ
1122,1,Республика_Адыгея,,Giaginskiy,882d55d993fffff,GIAGINSKAYA,ГИАГИНСКАЯ
1123,1,Республика_Адыгея,,Giaginskiy,882d55cf51fffff,GIAGINSKAYA,ГИАГИНСКАЯ
1124,1,Республика_Адыгея,,Giaginskiy,882d55c125fffff,GIAGINSKAYA,ГИАГИНСКАЯ
1125,1,Республика_Адыгея,,Giaginskiy,882d55ca27fffff,GIAGINSKAYA,ГИАГИНСКАЯ
1126,1,Республика_Адыгея,,Giaginskiy,882d55cdc5fffff,GIAGINSKAYA,ГИАГИНСКАЯ
1127,1,Республика_Адыгея,,Giaginskiy,882d5550a7fffff,GIAGINSKAYA,ГИАГИНСКАЯ
1128,1,Республика_Адыгея,,Giaginskiy,882d55cae3fffff,GIAGINSKAYA,ГИАГИНСКАЯ
1129,1,Республика_Адыгея,,Giaginskiy,882d55534bfffff,GIAGINSKAYA,ГИАГИНСКАЯ
1130,1,Республика_Адыгея,,Giaginskiy,882d55dabbfffff,GIAGINSKAYA,ГИАГИНСКАЯ
1131,1,Республика_Адыгея,,Giaginskiy,882d55d999fffff,GIAGINSKAYA,ГИАГИНСКАЯ
1132,1,Республика_Адыгея,,Giaginskiy,882d55ca93fffff,GIAGINSKAYA,ГИАГИНСКАЯ
1133,1,Республика_Адыгея,,Giaginskiy,882d55c8e3fffff,GIAGINSKAYA,ГИАГИНСКАЯ
1134,1,Республика_Адыгея,,Giaginskiy,882d555247fffff,GIAGINSKAYA,ГИАГИНСКАЯ
1135,1,Республика_Адыгея,,Giaginskiy,882d55cac3fffff,GIAGINSKAYA,ГИАГИНСКАЯ
1136,1,Республика_Адыгея,,Giaginskiy,882d5550e1fffff,GIAGINSKAYA,ГИАГИНСКАЯ
1137,1,Республика_Адыгея,,Giaginskiy,882d55cd47fffff,GIAGINSKAYA,ГИАГИНСКАЯ
1138,1,Республика_Адыгея,,Giaginskiy,882d55c00dfffff,GIAGINSKAYA,ГИАГИНСКАЯ
